timestamp,from_bank,from_account,to_bank,to_account,amount_received,receiving_currency,amount_paid,payment_currency,payment_format
2025-01-01T00:00:00,Societe,FR45104118,SG,3496629805,9370.48,USD,10691.6,MAD,SEPA
2025-01-01T00:01:00,Societe,FR79095219,CIH,3451912550,12966.51,EUR,12045.05,EUR,SEPA
2025-01-01T00:02:00,Societe,FR29902298,BMCE,9506652839,9721.72,MAD,7919.03,EUR,SEPA
2025-01-01T00:03:00,Societe,FR45220987,SG,9906160618,1235.4,USD,1451.98,MAD,SWIFT
2025-01-01T00:04:00,Societe,FR71618900,BNP,8946970714,14292.9,MAD,13180.56,MAD,SWIFT
2025-01-01T00:05:00,Societe,FR42937159,BMCE,4406940839,9375.67,EUR,9019.43,USD,CASH
2025-01-01T00:06:00,Societe,FR86899245,BNP,8580913170,6989.05,EUR,7125.21,USD,SWIFT
2025-01-01T00:07:00,Societe,FR10951515,BMCE,5085374315,1762.7,MAD,2091.82,USD,SEPA
2025-01-01T00:08:00,Societe,FR51747110,BNP,5997490373,10543.06,MAD,9154.15,MAD,SEPA
2025-01-01T00:09:00,Societe,FR22363660,SG,1798959890,3781.03,USD,3997.84,MAD,SEPA
2025-01-01T00:10:00,Societe,FR65253772,BMCE,5624787495,8738.96,MAD,10108.64,EUR,SWIFT
2025-01-01T00:11:00,Societe,FR43900701,BMCE,5622315802,5744.57,MAD,5240.51,MAD,CASH
2025-01-01T00:12:00,Societe,FR22895718,BNP,7199292757,7867.76,EUR,6498.27,EUR,SEPA
2025-01-01T00:13:00,Societe,FR85682519,CIH,9487511492,8879.26,USD,9643.97,EUR,SWIFT
2025-01-01T00:14:00,Societe,FR71060670,CIH,8854190115,12013.16,USD,13768.72,EUR,SEPA
2025-01-01T00:15:00,Societe,FR87024754,CIH,7929641243,382.51,MAD,332.09,EUR,SWIFT
2025-01-01T00:16:00,Societe,FR49309256,BNP,6211927105,5137.18,EUR,5192.6,EUR,SWIFT
2025-01-01T00:17:00,Societe,FR15066801,BMCE,4127355573,9497.21,USD,8947.81,MAD,SEPA
2025-01-01T00:18:00,Societe,FR84971278,BNP,1859467499,12026.58,USD,12162.18,EUR,SWIFT
2025-01-01T00:19:00,Societe,FR60160233,BP,1170017415,5468.45,USD,6205.26,USD,SEPA
2025-01-01T00:20:00,Societe,FR57606858,CIH,6899538243,1139.17,EUR,940.61,EUR,SEPA
2025-01-01T00:21:00,Societe,FR86723065,BP,3024406029,9636.7,USD,8412.35,USD,CASH
2025-01-01T00:22:00,Societe,FR91452061,BMCE,7555342506,13212.55,USD,12297.66,USD,SWIFT
2025-01-01T00:23:00,Societe,FR47316895,BNP,7746343946,7259.48,MAD,7858.62,EUR,SEPA
2025-01-01T00:24:00,Societe,FR86475032,BMCE,6814884064,9120.25,MAD,10280.67,MAD,SWIFT
2025-01-01T00:25:00,Societe,FR95784087,BP,7656090960,1825.81,MAD,1958.68,EUR,SWIFT
2025-01-01T00:26:00,Societe,FR54041530,BMCE,1270300963,11544.36,EUR,12800.57,USD,SWIFT
2025-01-01T00:27:00,Societe,FR14742210,BP,2052386509,4029.56,USD,4008.58,EUR,SEPA
2025-01-01T00:28:00,Societe,FR31596870,BP,6468855851,7453.68,EUR,7442.95,EUR,CASH
2025-01-01T00:29:00,Societe,FR73149098,CIH,3591209884,7516.3,EUR,8306.17,EUR,CASH
2025-01-01T00:30:00,Societe,FR15952332,SG,9096417028,1627.87,EUR,1466.72,EUR,CASH
2025-01-01T00:31:00,Societe,FR26022788,CIH,3047227306,2820.44,USD,3292.72,EUR,SWIFT
2025-01-01T00:32:00,Societe,FR49561444,BMCE,8134030728,6033.04,EUR,6314.61,USD,SWIFT
2025-01-01T00:33:00,Societe,FR70678849,BP,6608347914,2316.67,USD,2759.33,USD,SEPA
2025-01-01T00:34:00,Societe,FR86082606,BNP,9110846864,13308.44,USD,11870.53,MAD,SEPA
2025-01-01T00:35:00,Societe,FR50388730,SG,7236380016,4965.52,USD,5156.02,EUR,SWIFT
2025-01-01T00:36:00,Societe,FR89425202,BP,8147917074,14440.83,USD,11763.03,MAD,SEPA
2025-01-01T00:37:00,Societe,FR65196124,BMCE,6392558439,14892.54,EUR,12542.95,EUR,SWIFT
2025-01-01T00:38:00,Societe,FR26677817,SG,4036787565,2350.27,EUR,2322.36,MAD,SWIFT
2025-01-01T00:39:00,Societe,FR57292153,BP,8275937128,13483.42,MAD,11176.04,USD,CASH
2025-01-01T00:40:00,Societe,FR10226919,SG,7169152465,2209.43,MAD,1871.12,MAD,CASH
2025-01-01T00:41:00,Societe,FR22309075,CIH,7602881330,5727.52,MAD,4805.18,MAD,SEPA
2025-01-01T00:42:00,Societe,FR61914341,BP,2047011166,4290.23,EUR,3893.12,EUR,CASH
2025-01-01T00:43:00,Societe,FR91224894,BNP,9431666147,6625.9,MAD,6859.08,MAD,SEPA
2025-01-01T00:44:00,Societe,FR28366763,BP,2537146417,13988.19,EUR,15059.23,MAD,SWIFT
2025-01-01T00:45:00,Societe,FR58054941,BNP,5102835988,14372.27,USD,13706.61,MAD,SWIFT
2025-01-01T00:46:00,Societe,FR16834632,SG,8469923289,6702.12,EUR,7731.96,MAD,SWIFT
2025-01-01T00:47:00,Societe,FR92043749,BP,3813413408,9698.45,MAD,10901.04,EUR,SEPA
2025-01-01T00:48:00,Societe,FR61126813,CIH,9098444458,8511.05,MAD,8519.55,USD,SEPA
2025-01-01T00:49:00,Societe,FR87330540,BMCE,8878933575,9203.36,MAD,10137.91,USD,SWIFT
2025-01-01T00:50:00,Societe,FR53673415,BNP,1239500561,5129.32,USD,5124.3,USD,CASH
2025-01-01T00:51:00,Societe,FR99044482,SG,2416755280,8310.27,USD,8495.63,EUR,CASH
2025-01-01T00:52:00,Societe,FR30452388,BP,1184228641,14871.0,MAD,16662.81,USD,CASH
2025-01-01T00:53:00,Societe,FR27435663,BNP,4413982132,11310.14,EUR,12501.68,MAD,SWIFT
2025-01-01T00:54:00,Societe,FR42796015,BMCE,4615153708,11874.45,USD,11241.53,MAD,SWIFT
2025-01-01T00:55:00,Societe,FR62320381,BMCE,8058294421,2099.79,MAD,2143.69,EUR,SEPA
2025-01-01T00:56:00,Societe,FR26026093,SG,8895052733,13252.47,MAD,12795.44,USD,CASH
2025-01-01T00:57:00,Societe,FR91314372,SG,5991645594,3880.23,EUR,4268.65,EUR,SWIFT
2025-01-01T00:58:00,Societe,FR68496401,BNP,5091573039,5367.09,EUR,6432.77,EUR,CASH
2025-01-01T00:59:00,Societe,FR77532402,BP,5456317306,11602.09,USD,9499.03,USD,SWIFT
2025-01-01T01:00:00,Societe,FR89460052,BNP,4339637703,4529.41,USD,4172.11,EUR,CASH
2025-01-01T01:01:00,Societe,FR14168945,SG,1255908250,8415.84,EUR,7252.4,MAD,SEPA
2025-01-01T01:02:00,Societe,FR96748437,SG,4676373500,4085.97,MAD,3420.03,USD,SEPA
2025-01-01T01:03:00,Societe,FR66852002,CIH,6733458118,7407.68,EUR,6652.91,MAD,CASH
2025-01-01T01:04:00,Societe,FR59488746,BNP,3468594133,7947.68,MAD,7593.92,MAD,SEPA
2025-01-01T01:05:00,Societe,FR82296010,BMCE,1700835163,14523.19,MAD,14115.92,EUR,SEPA
2025-01-01T01:06:00,Societe,FR88249484,CIH,7746609165,3099.19,EUR,3640.19,MAD,SWIFT
2025-01-01T01:07:00,Societe,FR87979330,BP,7228871838,11957.25,EUR,10988.21,MAD,SEPA
2025-01-01T01:08:00,Societe,FR35584685,BNP,8640451214,8982.54,MAD,7580.6,USD,SEPA
2025-01-01T01:09:00,Societe,FR83876933,CIH,6116865422,5533.69,EUR,5633.07,EUR,SEPA
2025-01-01T01:10:00,Societe,FR23766969,BMCE,4600379122,5600.09,MAD,6678.34,EUR,SEPA
2025-01-01T01:11:00,Societe,FR89566506,BNP,9096063817,1409.06,EUR,1349.57,EUR,SWIFT
2025-01-01T01:12:00,Societe,FR87974628,BNP,2222215524,11943.77,MAD,11923.01,USD,SEPA
2025-01-01T01:13:00,Societe,FR36210899,BP,9267749753,11360.27,USD,12468.21,MAD,CASH
2025-01-01T01:14:00,Societe,FR16651647,BP,7327457788,164.78,USD,155.4,MAD,CASH
2025-01-01T01:15:00,Societe,FR87890948,BP,1125243798,4323.96,MAD,4438.78,EUR,SEPA
2025-01-01T01:16:00,Societe,FR65722243,BMCE,7810300207,4514.81,USD,3924.0,MAD,CASH
2025-01-01T01:17:00,Societe,FR45035890,SG,6863176695,7257.96,MAD,5934.37,EUR,SWIFT
2025-01-01T01:18:00,Societe,FR69065238,BMCE,6047691524,1836.76,USD,1602.5,EUR,CASH
2025-01-01T01:19:00,Societe,FR73492346,BMCE,5121050334,1926.2,USD,1672.52,EUR,SWIFT
2025-01-01T01:20:00,Societe,FR27870272,CIH,6848515013,729.0,EUR,740.13,USD,SWIFT
2025-01-01T01:21:00,Societe,FR69261011,BP,6898805837,3477.75,MAD,2800.33,MAD,CASH
2025-01-01T01:22:00,Societe,FR41837875,CIH,9015973141,1999.91,MAD,2117.66,USD,CASH
2025-01-01T01:23:00,Societe,FR84689891,BNP,9222702764,4053.66,MAD,3938.31,USD,SWIFT
2025-01-01T01:24:00,Societe,FR49267342,BNP,1618656715,2611.18,MAD,2510.99,USD,SEPA
2025-01-01T01:25:00,Societe,FR99042715,SG,1653486593,6761.85,USD,5419.8,MAD,SEPA
2025-01-01T01:26:00,Societe,FR35226345,BNP,2818486466,4910.42,MAD,4007.29,EUR,SEPA
2025-01-01T01:27:00,Societe,FR62687236,CIH,7468641755,8780.27,USD,7610.05,MAD,SEPA
2025-01-01T01:28:00,Societe,FR68661731,BP,1367313772,5040.92,USD,5620.06,EUR,SEPA
2025-01-01T01:29:00,Societe,FR59386544,CIH,9859274861,7142.15,EUR,7453.62,USD,SWIFT
2025-01-01T01:30:00,Societe,FR56441706,CIH,9972843300,3701.06,MAD,3259.64,USD,SEPA
2025-01-01T01:31:00,Societe,FR80450402,BNP,1973567193,5699.94,USD,5658.76,MAD,CASH
2025-01-01T01:32:00,Societe,FR62160286,BNP,6984003601,4698.29,EUR,5040.7,USD,SEPA
2025-01-01T01:33:00,Societe,FR27795996,BMCE,3075146411,8141.53,MAD,9718.99,MAD,SWIFT
2025-01-01T01:34:00,Societe,FR98189523,BMCE,2563462552,12913.34,USD,15046.32,USD,SWIFT
2025-01-01T01:35:00,Societe,FR40495940,SG,8877984541,12136.07,MAD,10075.68,EUR,SEPA
2025-01-01T01:36:00,Societe,FR27508384,BP,6984572173,2619.13,USD,2498.83,EUR,SWIFT
2025-01-01T01:37:00,Societe,FR87631448,CIH,7774330680,1639.06,USD,1576.47,EUR,CASH
2025-01-01T01:38:00,Societe,FR80324733,SG,9110014806,8487.0,MAD,7289.33,USD,CASH
2025-01-01T01:39:00,Societe,FR57312391,BMCE,5674025778,10429.54,MAD,10064.04,MAD,SEPA
2025-01-01T01:40:00,Societe,FR45551049,BNP,8342970475,14168.04,EUR,15345.53,MAD,SEPA
2025-01-01T01:41:00,Societe,FR10625448,BP,5713113070,1879.68,MAD,2234.55,EUR,SWIFT
2025-01-01T01:42:00,Societe,FR97311792,CIH,2515954808,1495.4,EUR,1406.63,EUR,SWIFT
2025-01-01T01:43:00,Societe,FR94160521,BP,4597132818,12225.69,EUR,9895.94,EUR,CASH
2025-01-01T01:44:00,Societe,FR78606131,BMCE,5803160126,1952.0,USD,2242.51,EUR,CASH
2025-01-01T01:45:00,Societe,FR76995119,BP,5951698251,11731.87,USD,13756.48,MAD,CASH
2025-01-01T01:46:00,Societe,FR78552220,BMCE,8428447773,7519.84,MAD,8402.11,MAD,SEPA
2025-01-01T01:47:00,Societe,FR89027801,BMCE,6738677965,9015.29,USD,10729.19,EUR,SWIFT
2025-01-01T01:48:00,Societe,FR44413863,CIH,2110384493,9562.64,EUR,8789.07,EUR,SWIFT
2025-01-01T01:49:00,Societe,FR19876860,BMCE,1211145305,13975.69,EUR,13575.79,MAD,SWIFT
2025-01-01T01:50:00,Societe,FR75769976,BMCE,2602212768,1234.36,MAD,1404.14,USD,SEPA
2025-01-01T01:51:00,Societe,FR48269871,BP,3675794976,13605.78,USD,12689.29,USD,SEPA
2025-01-01T01:52:00,Societe,FR58874910,CIH,3483160825,11822.81,MAD,11512.34,EUR,CASH
2025-01-01T01:53:00,Societe,FR31307608,BP,6490469129,10271.29,EUR,11857.2,USD,SWIFT
2025-01-01T01:54:00,Societe,FR63454668,BP,3348692349,8597.08,USD,9563.6,EUR,CASH
2025-01-01T01:55:00,Societe,FR34695240,BMCE,4929924628,6678.1,EUR,5910.52,EUR,SWIFT
2025-01-01T01:56:00,Societe,FR29547680,BNP,7563966527,6095.66,USD,6339.26,USD,CASH
2025-01-01T01:57:00,Societe,FR48100265,BMCE,1373988025,985.95,MAD,1132.7,EUR,SWIFT
2025-01-01T01:58:00,Societe,FR58123946,SG,1529081676,7735.84,MAD,6521.65,EUR,CASH
2025-01-01T01:59:00,Societe,FR70023044,SG,8020098462,8404.41,USD,7921.68,MAD,SEPA
2025-01-01T02:00:00,Societe,FR46771750,BNP,8671633452,1442.24,EUR,1688.58,USD,SEPA
2025-01-01T02:01:00,Societe,FR34033592,CIH,7541270309,13650.65,USD,13513.82,MAD,SEPA
2025-01-01T02:02:00,Societe,FR28428631,CIH,4611428205,14371.0,USD,17045.76,EUR,SWIFT
2025-01-01T02:03:00,Societe,FR58850321,BNP,2148469163,4316.09,EUR,4894.61,EUR,SEPA
2025-01-01T02:04:00,Societe,FR63468870,BMCE,6965819483,1217.69,MAD,1446.79,EUR,CASH
2025-01-01T02:05:00,Societe,FR79761473,SG,4396093839,1122.43,MAD,1046.7,USD,SWIFT
2025-01-01T02:06:00,Societe,FR29911797,CIH,7031753268,6164.63,MAD,6125.04,MAD,SEPA
2025-01-01T02:07:00,Societe,FR40966768,BNP,5008842057,10915.29,EUR,10128.47,EUR,SWIFT
2025-01-01T02:08:00,Societe,FR99172228,BMCE,2709413905,496.88,MAD,424.5,USD,SWIFT
2025-01-01T02:09:00,Societe,FR46912245,SG,6286120676,10913.95,MAD,12419.13,USD,SEPA
2025-01-01T02:10:00,Societe,FR91356490,BMCE,3329986355,7471.54,USD,6041.99,EUR,SEPA
2025-01-01T02:11:00,Societe,FR23201194,BMCE,5980224070,12669.66,EUR,14117.84,MAD,CASH
2025-01-01T02:12:00,Societe,FR24996593,SG,2290657790,5502.46,MAD,6474.98,MAD,CASH
2025-01-01T02:13:00,Societe,FR44806972,BP,2152058497,13058.37,EUR,11813.49,EUR,SEPA
2025-01-01T02:14:00,Societe,FR42106212,SG,3216271438,7690.89,USD,6394.24,EUR,SWIFT
2025-01-01T02:15:00,Societe,FR69435698,BP,2779213328,8095.41,MAD,7946.74,USD,SEPA
2025-01-01T02:16:00,Societe,FR17851158,CIH,7271451685,4665.6,EUR,5095.96,MAD,SEPA
2025-01-01T02:17:00,Societe,FR61912993,CIH,8292503823,5799.69,EUR,5736.21,USD,CASH
2025-01-01T02:18:00,Societe,FR75685113,BNP,8942568527,4963.17,EUR,5275.52,EUR,CASH
2025-01-01T02:19:00,Societe,FR99123657,BP,4243560354,10028.11,EUR,11466.82,USD,SEPA
2025-01-01T02:20:00,Societe,FR95295877,BP,3964475965,12954.57,MAD,12205.24,EUR,CASH
2025-01-01T02:21:00,Societe,FR41940783,CIH,2183783665,10118.34,MAD,9139.64,MAD,CASH
2025-01-01T02:22:00,Societe,FR23890242,SG,3484522354,6198.46,EUR,7303.48,EUR,CASH
2025-01-01T02:23:00,Societe,FR88782328,CIH,4894295250,14995.03,USD,17468.1,MAD,CASH
2025-01-01T02:24:00,Societe,FR79258158,SG,9760290753,10792.71,USD,12948.3,MAD,SWIFT
2025-01-01T02:25:00,Societe,FR81921045,BNP,6314168227,7572.96,MAD,6154.21,EUR,SEPA
2025-01-01T02:26:00,Societe,FR98920711,BNP,5658507990,10178.21,EUR,8448.94,EUR,SEPA
2025-01-01T02:27:00,Societe,FR54860356,CIH,3019253957,6482.06,MAD,7088.77,EUR,SEPA
2025-01-01T02:28:00,Societe,FR42995629,BMCE,7015405907,12010.45,MAD,13474.27,EUR,CASH
2025-01-01T02:29:00,Societe,FR95823454,BNP,1838568232,13029.74,MAD,12409.55,EUR,SWIFT
2025-01-01T02:30:00,Societe,FR44406293,BMCE,2082310073,11569.42,MAD,11115.11,MAD,SWIFT
2025-01-01T02:31:00,Societe,FR14383608,BP,3341125511,12447.51,USD,11355.55,USD,SWIFT
2025-01-01T02:32:00,Societe,FR28415254,BMCE,9378630055,741.87,USD,771.54,MAD,SEPA
2025-01-01T02:33:00,Societe,FR52822642,BMCE,5363096898,11730.42,MAD,13093.63,MAD,SEPA
2025-01-01T02:34:00,Societe,FR81464367,BNP,5803243243,11380.99,EUR,12575.19,EUR,CASH
2025-01-01T02:35:00,Societe,FR49124713,BMCE,7983065312,12516.25,USD,14788.16,EUR,SEPA
2025-01-01T02:36:00,Societe,FR84740597,BP,2569999872,6003.78,MAD,7128.23,USD,SEPA
2025-01-01T02:37:00,Societe,FR70261285,BP,2937061763,3391.62,MAD,3846.13,USD,CASH
2025-01-01T02:38:00,Societe,FR19938338,BMCE,4542361713,6819.86,EUR,5547.13,EUR,SWIFT
2025-01-01T02:39:00,Societe,FR86501795,BMCE,5174722080,6645.77,USD,6649.37,EUR,SWIFT
2025-01-01T02:40:00,Societe,FR65121106,BMCE,7121379235,4824.27,EUR,4661.95,USD,SWIFT
2025-01-01T02:41:00,Societe,FR69903726,BMCE,9065294939,8215.82,USD,8385.67,EUR,CASH
2025-01-01T02:42:00,Societe,FR49252830,BP,8636792528,11649.63,EUR,12853.27,MAD,SWIFT
2025-01-01T02:43:00,Societe,FR36031045,BNP,3454614516,9754.02,MAD,11372.25,MAD,CASH
2025-01-01T02:44:00,Societe,FR20284619,SG,3539027720,4594.32,EUR,4260.02,MAD,CASH
2025-01-01T02:45:00,Societe,FR64082459,CIH,2181904167,989.63,EUR,906.79,USD,SWIFT
2025-01-01T02:46:00,Societe,FR71556955,BP,9661950251,12465.31,MAD,13428.74,USD,SEPA
2025-01-01T02:47:00,Societe,FR78941387,CIH,5931353612,11572.28,EUR,11505.58,MAD,SWIFT
2025-01-01T02:48:00,Societe,FR24731220,CIH,1035122789,4079.6,EUR,4448.08,USD,CASH
2025-01-01T02:49:00,Societe,FR64135346,CIH,7501880198,1393.51,USD,1623.84,EUR,CASH
2025-01-01T02:50:00,Societe,FR17057318,BNP,9096620640,7253.15,MAD,7268.94,USD,CASH
2025-01-01T02:51:00,Societe,FR42011216,BMCE,9486241270,12170.9,USD,9868.68,USD,CASH
2025-01-01T02:52:00,Societe,FR49664216,CIH,2415107051,8372.67,EUR,8536.94,EUR,CASH
2025-01-01T02:53:00,Societe,FR20220012,BMCE,6337962109,14947.71,EUR,15168.48,EUR,SWIFT
2025-01-01T02:54:00,Societe,FR38143109,BMCE,6237064183,11644.27,USD,13446.59,MAD,CASH
2025-01-01T02:55:00,Societe,FR10779100,BMCE,9056746987,12202.53,USD,13388.02,EUR,CASH
2025-01-01T02:56:00,Societe,FR33420744,BP,3103514073,225.55,MAD,205.75,EUR,SEPA
2025-01-01T02:57:00,Societe,FR66214226,BMCE,5886202994,14779.36,EUR,13108.49,EUR,SWIFT
2025-01-01T02:58:00,Societe,FR63634881,SG,7139583200,14773.7,MAD,13696.21,MAD,SWIFT
2025-01-01T02:59:00,Societe,FR76927708,CIH,4140554734,13421.13,MAD,15469.43,EUR,SEPA
2025-01-01T03:00:00,Societe,FR28676898,SG,5701983296,9114.28,EUR,9398.17,MAD,SWIFT
2025-01-01T03:01:00,Societe,FR42135577,BP,1354914161,13246.37,MAD,13572.78,MAD,CASH
2025-01-01T03:02:00,Societe,FR48143150,BP,4647146034,632.21,USD,601.41,EUR,CASH
2025-01-01T03:03:00,Societe,FR60770375,BMCE,6348694486,6685.74,MAD,7113.0,MAD,SEPA
2025-01-01T03:04:00,Societe,FR29505910,CIH,3947236535,6785.98,EUR,7949.01,USD,SWIFT
2025-01-01T03:05:00,Societe,FR11536784,SG,1226153442,11972.18,EUR,12505.71,MAD,SWIFT
2025-01-01T03:06:00,Societe,FR60031204,BMCE,6727251575,8761.71,EUR,7763.24,MAD,SWIFT
2025-01-01T03:07:00,Societe,FR72486089,SG,5978340834,10220.22,USD,8614.83,USD,SEPA
2025-01-01T03:08:00,Societe,FR42151081,CIH,1936769173,6887.05,USD,5781.89,USD,SWIFT
2025-01-01T03:09:00,Societe,FR65213555,BP,7453528723,7959.73,EUR,7938.65,EUR,SWIFT
2025-01-01T03:10:00,Societe,FR38625749,BP,2977366920,14162.53,EUR,12984.28,USD,CASH
2025-01-01T03:11:00,Societe,FR15352847,CIH,2994956263,4289.67,EUR,4115.32,MAD,CASH
2025-01-01T03:12:00,Societe,FR19883838,BP,7931605505,12548.22,EUR,13803.66,USD,CASH
2025-01-01T03:13:00,Societe,FR28698989,BMCE,1891211026,1832.09,USD,1568.15,MAD,SWIFT
2025-01-01T03:14:00,Societe,FR76564696,BMCE,9123635871,14246.2,USD,12542.43,EUR,CASH
2025-01-01T03:15:00,Societe,FR78667588,SG,1613182806,7897.26,EUR,8684.55,USD,CASH
2025-01-01T03:16:00,Societe,FR39224507,BP,6420633252,7314.36,EUR,6238.01,USD,SEPA
2025-01-01T03:17:00,Societe,FR91532129,BNP,1733441833,4276.58,USD,3794.31,EUR,SEPA
2025-01-01T03:18:00,Societe,FR40080727,CIH,8700965582,3983.47,MAD,4315.71,USD,SWIFT
2025-01-01T03:19:00,Societe,FR15333767,CIH,2904713046,9847.28,EUR,9034.96,MAD,CASH
2025-01-01T03:20:00,Societe,FR14324535,BMCE,6579019519,1543.52,USD,1391.17,EUR,SWIFT
2025-01-01T03:21:00,Societe,FR69480166,SG,7025153851,5736.85,EUR,4605.05,USD,SEPA
2025-01-01T03:22:00,Societe,FR53324452,CIH,9883796915,10244.18,EUR,10055.36,USD,CASH
2025-01-01T03:23:00,Societe,FR95372476,CIH,4592435485,2220.69,MAD,2628.0,MAD,CASH
2025-01-01T03:24:00,Societe,FR60408653,SG,3893643803,884.53,MAD,980.39,MAD,SEPA
2025-01-01T03:25:00,Societe,FR98970364,SG,8518868653,11866.99,USD,12664.82,USD,SWIFT
2025-01-01T03:26:00,Societe,FR49117400,BMCE,6489702055,11003.88,EUR,11951.04,USD,CASH
2025-01-01T03:27:00,Societe,FR17653922,SG,4824336849,1978.05,EUR,2025.24,EUR,SWIFT
2025-01-01T03:28:00,Societe,FR66557093,BMCE,1635199491,6136.47,MAD,7112.86,MAD,SEPA
2025-01-01T03:29:00,Societe,FR21364011,BNP,3927230736,12407.63,MAD,14601.55,EUR,CASH
2025-01-01T03:30:00,Societe,FR54302651,CIH,6392885529,9110.88,EUR,7350.55,EUR,CASH
2025-01-01T03:31:00,Societe,FR92745525,BMCE,4204184100,1421.44,EUR,1499.66,MAD,SWIFT
2025-01-01T03:32:00,Societe,FR54001080,SG,4895216720,13699.3,USD,13410.05,MAD,SWIFT
2025-01-01T03:33:00,Societe,FR73616422,BMCE,9137687829,4230.46,MAD,4207.87,EUR,SEPA
2025-01-01T03:34:00,Societe,FR50274076,SG,9531741565,10629.52,EUR,12371.94,EUR,SEPA
2025-01-01T03:35:00,Societe,FR68552017,SG,8098855512,11160.89,USD,9198.52,MAD,SEPA
2025-01-01T03:36:00,Societe,FR32268613,SG,4276197651,11585.77,EUR,11643.38,EUR,SEPA
2025-01-01T03:37:00,Societe,FR42082499,CIH,5618932535,1973.02,USD,2109.26,MAD,SEPA
2025-01-01T03:38:00,Societe,FR51183522,CIH,4910167189,8576.89,MAD,7814.06,USD,SEPA
2025-01-01T03:39:00,Societe,FR75538583,SG,4222745446,3214.92,EUR,2692.54,MAD,SEPA
2025-01-01T03:40:00,Societe,FR18785111,BNP,4524872795,13061.64,EUR,10490.01,EUR,SWIFT
2025-01-01T03:41:00,Societe,FR45157427,BMCE,5301963810,2283.79,USD,2144.79,USD,SEPA
2025-01-01T03:42:00,Societe,FR72647199,BP,8437847382,6668.99,USD,6219.55,EUR,SWIFT
2025-01-01T03:43:00,Societe,FR43384327,BMCE,7792535028,972.14,EUR,813.67,EUR,SEPA
2025-01-01T03:44:00,Societe,FR64337246,BP,5551750449,3921.66,USD,4233.16,EUR,SEPA
2025-01-01T03:45:00,Societe,FR64192477,BNP,9289048464,949.38,USD,940.11,EUR,SEPA
2025-01-01T03:46:00,Societe,FR28414311,BP,9864500618,797.9,MAD,783.94,EUR,SEPA
2025-01-01T03:47:00,Societe,FR23339636,SG,6293239832,4549.68,EUR,4456.34,EUR,SWIFT
2025-01-01T03:48:00,Societe,FR63362909,CIH,5119233338,8872.99,MAD,8636.45,EUR,SWIFT
2025-01-01T03:49:00,Societe,FR43050547,BNP,8040569127,11888.93,EUR,10814.86,EUR,SEPA
2025-01-01T03:50:00,Societe,FR27929732,CIH,2862506415,6520.09,MAD,6274.56,MAD,SWIFT
2025-01-01T03:51:00,Societe,FR16856568,BNP,8448035168,4829.8,EUR,4646.58,USD,CASH
2025-01-01T03:52:00,Societe,FR56970713,BNP,5720786993,14820.44,EUR,15505.5,EUR,CASH
2025-01-01T03:53:00,Societe,FR23119934,SG,5599544247,416.55,MAD,479.66,EUR,SWIFT
2025-01-01T03:54:00,Societe,FR75166721,BNP,6652936942,2128.7,EUR,1815.77,MAD,SEPA
2025-01-01T03:55:00,Societe,FR10199481,CIH,8199863366,1883.69,EUR,1747.45,MAD,CASH
2025-01-01T03:56:00,Societe,FR72510990,BNP,8100660871,3214.81,USD,2609.21,MAD,SWIFT
2025-01-01T03:57:00,Societe,FR97516889,CIH,8017988966,4929.54,EUR,5533.12,USD,CASH
2025-01-01T03:58:00,Societe,FR77537267,BNP,5100858429,9090.09,EUR,7276.84,EUR,SEPA
2025-01-01T03:59:00,Societe,FR64467991,SG,2300698571,4334.94,USD,4735.01,USD,CASH
2025-01-01T04:00:00,Societe,FR97272026,BNP,1316873147,10703.47,USD,10532.84,MAD,CASH
2025-01-01T04:01:00,Societe,FR16025845,BNP,5533578003,9151.69,USD,7446.72,MAD,CASH
2025-01-01T04:02:00,Societe,FR47597578,BP,1888996408,2014.47,EUR,2266.56,MAD,SWIFT
2025-01-01T04:03:00,Societe,FR30954014,BNP,7896347215,7408.37,USD,7145.66,EUR,CASH
2025-01-01T04:04:00,Societe,FR22309105,CIH,4501571520,1045.77,USD,1026.11,EUR,CASH
2025-01-01T04:05:00,Societe,FR88263579,BP,4035312598,10757.28,EUR,11890.64,USD,SEPA
2025-01-01T04:06:00,Societe,FR79622067,BP,1832742890,13286.21,EUR,14654.88,MAD,SWIFT
2025-01-01T04:07:00,Societe,FR82771048,BP,4140353986,9840.77,MAD,8864.62,EUR,SWIFT
2025-01-01T04:08:00,Societe,FR87079387,BNP,5939071764,11748.29,MAD,13742.91,MAD,SWIFT
2025-01-01T04:09:00,Societe,FR62481459,BMCE,3672948411,6473.46,MAD,6015.71,EUR,SEPA
2025-01-01T04:10:00,Societe,FR61982314,BNP,2193930801,1193.85,EUR,1100.39,USD,SWIFT
2025-01-01T04:11:00,Societe,FR95315345,BMCE,3707729608,5507.47,EUR,6062.58,MAD,SEPA
2025-01-01T04:12:00,Societe,FR13462950,SG,2977749656,4962.73,EUR,4582.52,MAD,CASH
2025-01-01T04:13:00,Societe,FR61865278,BP,3981944397,583.12,EUR,474.78,MAD,SEPA
2025-01-01T04:14:00,Societe,FR41689638,BP,7384868474,10685.46,USD,10605.4,EUR,CASH
2025-01-01T04:15:00,Societe,FR31577792,BMCE,5990250146,2584.61,EUR,2338.32,EUR,CASH
2025-01-01T04:16:00,Societe,FR89195213,BMCE,6568822746,6439.62,MAD,7383.17,MAD,SWIFT
2025-01-01T04:17:00,Societe,FR72264527,BNP,5565871198,7656.38,EUR,7199.27,MAD,SWIFT
2025-01-01T04:18:00,Societe,FR22692821,CIH,6448710898,6577.51,MAD,7378.89,MAD,CASH
2025-01-01T04:19:00,Societe,FR98201145,BMCE,1101378898,1340.91,MAD,1108.11,USD,SEPA
2025-01-01T04:20:00,Societe,FR72291045,BP,5991383370,1658.16,MAD,1924.84,EUR,SWIFT
2025-01-01T04:21:00,Societe,FR55651208,BNP,8125418979,2803.63,MAD,3352.46,EUR,SWIFT
2025-01-01T04:22:00,Societe,FR66295132,BMCE,7650235688,2172.92,EUR,2271.22,EUR,SWIFT
2025-01-01T04:23:00,Societe,FR60607250,SG,4357488744,5110.12,MAD,5189.24,EUR,SWIFT
2025-01-01T04:24:00,Societe,FR99750839,CIH,7814798424,8147.78,EUR,8725.03,USD,CASH
2025-01-01T04:25:00,Societe,FR94136726,BMCE,5535784143,3062.0,USD,2828.05,MAD,SWIFT
2025-01-01T04:26:00,Societe,FR60100958,BMCE,6624696355,11443.09,EUR,10225.93,EUR,CASH
2025-01-01T04:27:00,Societe,FR73369229,SG,8365287522,1844.26,MAD,1722.73,USD,CASH
2025-01-01T04:28:00,Societe,FR56188901,SG,3279017476,3025.2,EUR,3452.47,USD,CASH
2025-01-01T04:29:00,Societe,FR84801337,SG,2710964607,973.61,USD,904.2,EUR,CASH
2025-01-01T04:30:00,Societe,FR67554172,CIH,6709119507,3504.9,MAD,3421.14,EUR,SWIFT
2025-01-01T04:31:00,Societe,FR18305548,BNP,2500219343,13523.98,EUR,14537.31,MAD,SWIFT
2025-01-01T04:32:00,Societe,FR94178479,BP,9510314162,1121.55,USD,986.91,EUR,CASH
2025-01-01T04:33:00,Societe,FR21870895,BMCE,3262903374,3050.23,MAD,2735.87,MAD,SEPA
2025-01-01T04:34:00,Societe,FR15862718,BP,8289686838,11512.31,MAD,9803.46,MAD,SWIFT
2025-01-01T04:35:00,Societe,FR70390307,BMCE,2885380777,6913.24,USD,7226.69,MAD,SEPA
2025-01-01T04:36:00,Societe,FR30630976,CIH,7234182644,14876.49,USD,17411.21,USD,SWIFT
2025-01-01T04:37:00,Societe,FR49245870,CIH,9294142601,12765.44,USD,11571.65,USD,SEPA
2025-01-01T04:38:00,Societe,FR57718551,SG,1783649993,3256.82,USD,3412.25,EUR,SEPA
2025-01-01T04:39:00,Societe,FR23477495,SG,4944488018,9795.71,EUR,10930.02,MAD,SEPA
2025-01-01T04:40:00,Societe,FR66700175,SG,3870540438,6020.78,MAD,7023.65,EUR,SWIFT
2025-01-01T04:41:00,Societe,FR21722350,BP,3281172988,5316.13,MAD,6115.27,MAD,SEPA
2025-01-01T04:42:00,Societe,FR23299184,BMCE,9177612236,180.03,MAD,163.16,EUR,CASH
2025-01-01T04:43:00,Societe,FR45872338,BMCE,1424811351,5184.94,USD,4298.96,MAD,CASH
2025-01-01T04:44:00,Societe,FR14740439,SG,6106053331,7747.4,USD,6814.32,MAD,SWIFT
2025-01-01T04:45:00,Societe,FR35016632,SG,6320380139,11725.06,USD,13998.31,MAD,SWIFT
2025-01-01T04:46:00,Societe,FR76592545,SG,3372122343,2426.93,MAD,2334.8,EUR,SWIFT
2025-01-01T04:47:00,Societe,FR93180936,SG,2022462104,10742.49,USD,10424.52,USD,SWIFT
2025-01-01T04:48:00,Societe,FR91305913,SG,8946532644,150.82,MAD,159.64,MAD,SWIFT
2025-01-01T04:49:00,Societe,FR77810604,BMCE,3061041373,1451.96,EUR,1447.82,USD,SEPA
2025-01-01T04:50:00,Societe,FR67511921,BP,3103241017,10586.38,USD,9140.85,USD,SEPA
2025-01-01T04:51:00,Societe,FR68548482,BMCE,5617257094,5780.33,USD,4897.62,USD,SWIFT
2025-01-01T04:52:00,Societe,FR33974480,SG,3897589304,2671.12,EUR,2941.95,MAD,SEPA
2025-01-01T04:53:00,Societe,FR12091286,CIH,2461650049,12934.23,USD,11651.16,MAD,SEPA
2025-01-01T04:54:00,Societe,FR55905334,CIH,1770735433,2286.61,EUR,2464.06,EUR,SEPA
2025-01-01T04:55:00,Societe,FR48214005,BP,3324928094,2289.4,EUR,2729.75,USD,CASH
2025-01-01T04:56:00,Societe,FR51867753,SG,9641676074,13183.43,MAD,12243.9,USD,SEPA
2025-01-01T04:57:00,Societe,FR93253792,BNP,3925531130,4060.08,EUR,4321.2,USD,SWIFT
2025-01-01T04:58:00,Societe,FR86046174,BP,6469292115,12909.06,EUR,12853.4,EUR,SEPA
2025-01-01T04:59:00,Societe,FR53242468,CIH,2280818105,12473.98,USD,13141.8,MAD,SEPA
2025-01-01T05:00:00,Societe,FR23044524,BP,6074460886,14297.42,MAD,14366.96,MAD,CASH
2025-01-01T05:01:00,Societe,FR17597334,BMCE,5378616073,6174.41,USD,7116.28,MAD,SEPA
2025-01-01T05:02:00,Societe,FR90037329,SG,7081375691,3585.46,MAD,3268.77,USD,SWIFT
2025-01-01T05:03:00,Societe,FR61801543,BMCE,2166361050,2527.69,EUR,2501.64,MAD,CASH
2025-01-01T05:04:00,Societe,FR31062225,BMCE,5906120206,14649.1,USD,16993.7,USD,CASH
2025-01-01T05:05:00,Societe,FR78757658,BMCE,2675174722,5159.02,USD,4237.75,EUR,CASH
2025-01-01T05:06:00,Societe,FR92248146,BMCE,2943085157,246.98,EUR,261.78,USD,SEPA
2025-01-01T05:07:00,Societe,FR97428780,BP,1618437400,4703.43,MAD,5269.93,EUR,CASH
2025-01-01T05:08:00,Societe,FR93107510,BNP,7851195753,654.53,EUR,638.81,MAD,SEPA
2025-01-01T05:09:00,Societe,FR18250635,CIH,1578199431,13983.49,USD,15032.46,MAD,CASH
2025-01-01T05:10:00,Societe,FR88699487,CIH,4540799923,2181.07,EUR,1845.67,USD,SWIFT
2025-01-01T05:11:00,Societe,FR55579144,CIH,1239185608,6739.15,USD,6799.25,USD,SEPA
2025-01-01T05:12:00,Societe,FR38114415,BNP,5083469225,4681.9,EUR,5578.91,USD,CASH
2025-01-01T05:13:00,Societe,FR65825426,BMCE,1802851846,11594.29,EUR,11098.61,EUR,SWIFT
2025-01-01T05:14:00,Societe,FR55935253,BNP,8130367904,1446.78,EUR,1439.87,MAD,CASH
2025-01-01T05:15:00,Societe,FR60829658,BP,9937949089,1392.12,MAD,1513.89,EUR,SWIFT
2025-01-01T05:16:00,Societe,FR59630910,BP,6261527725,10062.24,MAD,10940.62,MAD,SEPA
2025-01-01T05:17:00,Societe,FR28848723,SG,1200277979,9312.74,EUR,9103.42,EUR,SWIFT
2025-01-01T05:18:00,Societe,FR65569883,SG,5784674462,9386.42,USD,11127.76,USD,SEPA
2025-01-01T05:19:00,Societe,FR78547640,CIH,4034190407,9801.42,EUR,8368.25,EUR,CASH
2025-01-01T05:20:00,Societe,FR59596407,SG,4179687552,1760.5,EUR,1415.12,EUR,SWIFT
2025-01-01T05:21:00,Societe,FR84278195,SG,5639556762,9148.59,EUR,7486.17,EUR,CASH
2025-01-01T05:22:00,Societe,FR13266455,BNP,2769577288,150.85,USD,163.29,USD,SEPA
2025-01-01T05:23:00,Societe,FR53710835,BNP,5191514130,12927.89,MAD,12183.78,USD,SWIFT
2025-01-01T05:24:00,Societe,FR16270651,BNP,4481659337,9154.09,MAD,8718.95,USD,CASH
2025-01-01T05:25:00,Societe,FR39291991,SG,6029026697,11300.6,MAD,11441.42,EUR,SWIFT
2025-01-01T05:26:00,Societe,FR28695845,BNP,5175073737,6885.92,USD,7597.87,USD,CASH
2025-01-01T05:27:00,Societe,FR69986674,CIH,3885841713,11837.12,MAD,10661.5,MAD,SWIFT
2025-01-01T05:28:00,Societe,FR94087710,BP,1482104983,8796.61,MAD,9900.3,USD,SWIFT
2025-01-01T05:29:00,Societe,FR99660763,CIH,6320069698,5383.48,EUR,4984.06,MAD,SWIFT
2025-01-01T05:30:00,Societe,FR33832075,CIH,4453573686,10102.99,EUR,9508.1,USD,SWIFT
2025-01-01T05:31:00,Societe,FR20384545,BMCE,7478529570,2444.01,MAD,2440.46,EUR,SWIFT
2025-01-01T05:32:00,Societe,FR23374722,SG,9922715099,9189.11,MAD,10622.92,MAD,CASH
2025-01-01T05:33:00,Societe,FR87342586,CIH,9814185474,12827.21,EUR,14703.15,MAD,CASH
2025-01-01T05:34:00,Societe,FR53852785,SG,9815414194,1920.67,EUR,2045.44,USD,CASH
2025-01-01T05:35:00,Societe,FR67779301,BP,7772574147,203.67,USD,214.35,MAD,SWIFT
2025-01-01T05:36:00,Societe,FR12528381,SG,1417658036,12036.73,MAD,13501.23,MAD,SWIFT
2025-01-01T05:37:00,Societe,FR30877949,CIH,2666834200,13860.24,MAD,13870.28,EUR,SEPA
2025-01-01T05:38:00,Societe,FR61184676,CIH,8667004799,302.51,USD,331.34,MAD,SWIFT
2025-01-01T05:39:00,Societe,FR74954752,SG,7836622112,395.07,EUR,397.59,USD,SEPA
2025-01-01T05:40:00,Societe,FR58071570,BP,8896188775,4351.74,MAD,3604.61,MAD,SWIFT
2025-01-01T05:41:00,Societe,FR64603086,CIH,7761564270,8946.04,EUR,8032.48,MAD,SWIFT
2025-01-01T05:42:00,Societe,FR57746614,BNP,6075647022,11078.38,MAD,10987.66,MAD,SWIFT
2025-01-01T05:43:00,Societe,FR49160132,BMCE,7238156471,4145.96,USD,4488.79,USD,SWIFT
2025-01-01T05:44:00,Societe,FR94084068,BNP,9952040153,10776.9,MAD,11219.48,MAD,CASH
2025-01-01T05:45:00,Societe,FR47482241,SG,6274813016,6697.48,EUR,7235.58,MAD,SEPA
2025-01-01T05:46:00,Societe,FR97624738,SG,2038880295,12414.57,MAD,11154.56,USD,CASH
2025-01-01T05:47:00,Societe,FR30003099,CIH,5480242129,8888.47,USD,8864.59,EUR,CASH
2025-01-01T05:48:00,Societe,FR62416897,BMCE,9347580665,8109.19,USD,7351.54,USD,SEPA
2025-01-01T05:49:00,Societe,FR12724191,BP,9108580846,8143.47,MAD,8155.86,USD,SEPA
2025-01-01T05:50:00,Societe,FR85318330,BNP,3727772705,11062.32,MAD,11186.0,USD,CASH
2025-01-01T05:51:00,Societe,FR92068046,BP,2050807833,266.61,MAD,249.1,EUR,SEPA
2025-01-01T05:52:00,Societe,FR34013584,CIH,1318035284,6456.39,USD,6171.37,EUR,SWIFT
2025-01-01T05:53:00,Societe,FR66007985,SG,8607805131,520.85,USD,417.78,MAD,SWIFT
2025-01-01T05:54:00,Societe,FR60629355,CIH,5385389749,10679.57,USD,8942.17,USD,SEPA
2025-01-01T05:55:00,Societe,FR34300933,SG,7946165688,14757.75,EUR,14966.01,MAD,SEPA
2025-01-01T05:56:00,Societe,FR16742992,BP,5524298851,3526.3,EUR,3896.41,MAD,SWIFT
2025-01-01T05:57:00,Societe,FR10417811,CIH,1300081019,2787.52,USD,2763.91,MAD,SWIFT
2025-01-01T05:58:00,Societe,FR65333316,BMCE,8219116981,7817.05,USD,8554.31,EUR,SWIFT
2025-01-01T05:59:00,Societe,FR45524095,SG,7832581257,12542.46,USD,13523.58,USD,CASH
2025-01-01T06:00:00,Societe,FR57936750,BNP,8925253459,13637.29,EUR,14090.3,EUR,SEPA
2025-01-01T06:01:00,Societe,FR49473955,BP,4607293355,6966.04,MAD,8122.0,MAD,SEPA
2025-01-01T06:02:00,Societe,FR30564231,BP,6141448767,13208.41,USD,13314.89,EUR,SWIFT
2025-01-01T06:03:00,Societe,FR44049819,CIH,2351799049,9719.99,USD,11438.54,USD,CASH
2025-01-01T06:04:00,Societe,FR29178691,CIH,5881810207,5534.22,EUR,4877.74,EUR,CASH
2025-01-01T06:05:00,Societe,FR43828752,BNP,3123340831,5280.68,EUR,5312.49,EUR,SEPA
2025-01-01T06:06:00,Societe,FR56076235,SG,2797777657,4529.42,USD,4253.74,EUR,SEPA
2025-01-01T06:07:00,Societe,FR96424231,BP,3899321409,8296.06,EUR,7778.97,EUR,SWIFT
2025-01-01T06:08:00,Societe,FR66140531,BMCE,4755319953,5168.78,USD,5601.3,MAD,SEPA
2025-01-01T06:09:00,Societe,FR56695833,BP,7237514018,11253.87,USD,11560.42,MAD,CASH
2025-01-01T06:10:00,Societe,FR60192819,BP,3352804712,2895.59,MAD,3310.16,EUR,SWIFT
2025-01-01T06:11:00,Societe,FR60215975,SG,2223801692,5815.7,USD,5072.6,USD,SWIFT
2025-01-01T06:12:00,Societe,FR91907325,BNP,1806876116,111.83,USD,95.96,EUR,SWIFT
2025-01-01T06:13:00,Societe,FR59107165,CIH,3871855095,14668.13,USD,15421.93,EUR,CASH
2025-01-01T06:14:00,Societe,FR21275937,SG,5515045584,13655.78,MAD,12084.07,USD,SWIFT
2025-01-01T06:15:00,Societe,FR24043821,BP,6702921310,339.33,USD,295.74,EUR,SEPA
2025-01-01T06:16:00,Societe,FR86524180,CIH,9558279933,2574.35,EUR,2437.31,EUR,SEPA
2025-01-01T06:17:00,Societe,FR93480788,BNP,3202861669,6235.55,EUR,6714.34,USD,SEPA
2025-01-01T06:18:00,Societe,FR10934076,SG,9064270933,12541.55,USD,11515.9,MAD,CASH
2025-01-01T06:19:00,Societe,FR90870240,CIH,5746337423,9300.04,EUR,9795.93,MAD,CASH
2025-01-01T06:20:00,Societe,FR60962762,BP,2529127815,221.09,EUR,181.69,USD,SEPA
2025-01-01T06:21:00,Societe,FR25238393,BNP,3464113842,13109.25,MAD,12771.07,MAD,CASH
2025-01-01T06:22:00,Societe,FR44747534,CIH,2036555997,9535.51,USD,11384.95,EUR,CASH
2025-01-01T06:23:00,Societe,FR89455563,SG,6271618379,7438.52,MAD,6473.35,USD,SWIFT
2025-01-01T06:24:00,Societe,FR76724152,BNP,3283601646,7031.0,USD,5698.79,MAD,SWIFT
2025-01-01T06:25:00,Societe,FR24422672,SG,9600365703,7533.55,MAD,7791.92,MAD,SEPA
2025-01-01T06:26:00,Societe,FR27132965,BNP,6130107089,9623.71,USD,10385.86,USD,CASH
2025-01-01T06:27:00,Societe,FR48365168,BMCE,1194538110,9743.21,EUR,9661.74,USD,SEPA
2025-01-01T06:28:00,Societe,FR62571159,BNP,6837071169,348.08,USD,299.99,USD,SEPA
2025-01-01T06:29:00,Societe,FR21537981,CIH,8643313159,3842.24,MAD,3267.05,EUR,CASH
2025-01-01T06:30:00,Societe,FR10058405,BNP,3364719922,6767.61,EUR,7983.05,USD,SEPA
2025-01-01T06:31:00,Societe,FR16845213,SG,9895517292,12968.7,EUR,15258.97,USD,SEPA
2025-01-01T06:32:00,Societe,FR23258682,BNP,1979326569,4621.69,MAD,4073.19,MAD,SEPA
2025-01-01T06:33:00,Societe,FR84657846,BMCE,5652880946,9231.23,EUR,9880.45,EUR,SEPA
2025-01-01T06:34:00,Societe,FR21419190,BNP,6289270808,5131.5,EUR,5720.41,EUR,SWIFT
2025-01-01T06:35:00,Societe,FR88658868,SG,6012840015,13525.94,EUR,12396.3,MAD,SWIFT
2025-01-01T06:36:00,Societe,FR81682869,CIH,1513852321,8505.11,USD,10113.54,USD,SEPA
2025-01-01T06:37:00,Societe,FR47318268,SG,1862509515,4093.32,MAD,4718.98,MAD,SEPA
2025-01-01T06:38:00,Societe,FR28707134,BNP,1315087836,8898.18,MAD,8840.32,MAD,CASH
2025-01-01T06:39:00,Societe,FR81956615,BNP,2613193245,11162.37,USD,11655.38,EUR,SWIFT
2025-01-01T06:40:00,Societe,FR62194713,SG,5396769008,3417.72,EUR,4041.13,EUR,SWIFT
2025-01-01T06:41:00,Societe,FR51478172,BP,8163518401,12747.41,USD,15174.41,USD,SWIFT
2025-01-01T06:42:00,Societe,FR56732146,CIH,4083790631,5250.7,EUR,6165.11,USD,SEPA
2025-01-01T06:43:00,Societe,FR27388495,BNP,1355211717,2480.93,EUR,2582.3,EUR,SWIFT
2025-01-01T06:44:00,Societe,FR62223372,BNP,4652173317,1165.59,EUR,991.19,MAD,SWIFT
2025-01-01T06:45:00,Societe,FR59330724,BMCE,4185425716,591.07,MAD,677.63,USD,CASH
2025-01-01T06:46:00,Societe,FR25667875,SG,9582442974,3933.94,USD,3470.96,EUR,CASH
2025-01-01T06:47:00,Societe,FR97631239,CIH,7691681207,12125.61,EUR,13837.94,USD,SEPA
2025-01-01T06:48:00,Societe,FR61425456,BMCE,6355506098,1426.85,EUR,1226.15,USD,CASH
2025-01-01T06:49:00,Societe,FR84726334,BMCE,4612205208,14964.76,EUR,13916.3,MAD,SEPA
2025-01-01T06:50:00,Societe,FR45184104,BMCE,7985349595,8709.15,EUR,9934.23,EUR,CASH
2025-01-01T06:51:00,Societe,FR66089267,BNP,1613068410,10463.37,MAD,10455.44,USD,SEPA
2025-01-01T06:52:00,Societe,FR63087065,BNP,8730765361,9081.86,MAD,8695.91,USD,CASH
2025-01-01T06:53:00,Societe,FR65343706,BMCE,2452540020,10901.14,EUR,10336.54,MAD,SWIFT
2025-01-01T06:54:00,Societe,FR79766991,BMCE,6063759520,11070.41,EUR,10659.8,USD,SEPA
2025-01-01T06:55:00,Societe,FR36335574,SG,6393534300,3627.98,MAD,3837.56,EUR,SWIFT
2025-01-01T06:56:00,Societe,FR95007524,BP,3866152417,9775.25,EUR,10299.29,EUR,SEPA
2025-01-01T06:57:00,Societe,FR33630708,BNP,4726509751,3752.6,MAD,4373.74,USD,SWIFT
2025-01-01T06:58:00,Societe,FR14504629,BMCE,9862390499,11727.51,USD,11634.29,EUR,SWIFT
2025-01-01T06:59:00,Societe,FR53149439,BNP,8532349902,13522.62,USD,12638.65,MAD,SEPA
2025-01-01T07:00:00,Societe,FR99535446,SG,8554095117,7875.41,MAD,7244.5,USD,CASH
2025-01-01T07:01:00,Societe,FR65724129,SG,4093885260,8056.52,MAD,7122.37,USD,CASH
2025-01-01T07:02:00,Societe,FR26194352,SG,8177590832,4499.93,EUR,4811.07,USD,CASH
2025-01-01T07:03:00,Societe,FR47194783,CIH,5621099384,3720.22,EUR,3116.53,USD,SEPA
2025-01-01T07:04:00,Societe,FR60923663,SG,4779069655,12128.49,USD,12978.24,USD,CASH
2025-01-01T07:05:00,Societe,FR58152249,SG,6594061356,9389.62,MAD,9003.14,EUR,SWIFT
2025-01-01T07:06:00,Societe,FR84903696,CIH,9395961395,3765.05,USD,3139.4,USD,SWIFT
2025-01-01T07:07:00,Societe,FR32345812,SG,4796997250,4244.68,MAD,4592.64,USD,CASH
2025-01-01T07:08:00,Societe,FR84633808,BNP,5968137355,10768.44,USD,10824.92,MAD,CASH
2025-01-01T07:09:00,Societe,FR33541696,SG,7329891138,1415.43,EUR,1165.94,MAD,CASH
2025-01-01T07:10:00,Societe,FR95019635,BP,3672154755,5686.99,EUR,5234.73,EUR,CASH
2025-01-01T07:11:00,Societe,FR78332429,CIH,4302082085,7636.7,EUR,7772.29,USD,SEPA
2025-01-01T07:12:00,Societe,FR86352404,BNP,9540208990,7325.72,EUR,6525.55,MAD,CASH
2025-01-01T07:13:00,Societe,FR61886726,BNP,3936531335,972.99,MAD,921.68,EUR,SEPA
2025-01-01T07:14:00,Societe,FR97884698,BP,7018961254,11142.55,USD,10670.57,MAD,SWIFT
2025-01-01T07:15:00,Societe,FR93538512,BP,1756323908,13186.54,MAD,13863.95,USD,CASH
2025-01-01T07:16:00,Societe,FR68754466,CIH,5160367954,7816.13,MAD,7782.74,MAD,SEPA
2025-01-01T07:17:00,Societe,FR76804870,SG,2369957177,13813.25,USD,12328.53,USD,SWIFT
2025-01-01T07:18:00,Societe,FR43968098,BP,9312529679,2841.15,EUR,3359.2,EUR,SEPA
2025-01-01T07:19:00,Societe,FR31046541,CIH,5113244658,4679.75,MAD,5551.63,MAD,SEPA
2025-01-01T07:20:00,Societe,FR45046499,CIH,1748363678,10551.31,USD,11566.52,USD,SWIFT
2025-01-01T07:21:00,Societe,FR36388092,BNP,6274379559,3502.83,MAD,3012.78,USD,SEPA
2025-01-01T07:22:00,Societe,FR52667233,SG,2106942520,5684.59,EUR,4730.13,USD,SEPA
2025-01-01T07:23:00,Societe,FR54901207,BP,4300239254,1400.56,EUR,1678.57,USD,CASH
2025-01-01T07:24:00,Societe,FR45202112,SG,5453420547,8559.64,USD,7522.93,USD,SWIFT
2025-01-01T07:25:00,Societe,FR43706071,BP,7946313396,12068.51,MAD,10373.51,EUR,SEPA
2025-01-01T07:26:00,Societe,FR18718436,SG,1628153331,8180.21,USD,7571.15,USD,SEPA
2025-01-01T07:27:00,Societe,FR41753999,BNP,2804176907,4307.89,USD,3813.02,EUR,SWIFT
2025-01-01T07:28:00,Societe,FR17224827,BNP,1815254728,11898.51,EUR,14118.89,USD,CASH
2025-01-01T07:29:00,Societe,FR42675427,BNP,6827281444,815.54,USD,761.98,USD,SEPA
2025-01-01T07:30:00,Societe,FR69177602,SG,1103821753,7776.61,EUR,8499.8,MAD,SEPA
2025-01-01T07:31:00,Societe,FR52479633,BP,4861819135,7909.08,MAD,8750.53,USD,SWIFT
2025-01-01T07:32:00,Societe,FR10277671,BP,5992812243,2101.89,USD,2093.84,MAD,CASH
2025-01-01T07:33:00,Societe,FR35843107,BMCE,3322475902,3310.47,USD,3523.82,USD,SEPA
2025-01-01T07:34:00,Societe,FR53816524,BP,2236773009,1073.72,EUR,1008.15,MAD,CASH
2025-01-01T07:35:00,Societe,FR76753283,BP,8199795124,13626.26,USD,16289.19,EUR,CASH
2025-01-01T07:36:00,Societe,FR96575293,BNP,1308432431,7503.11,USD,8278.12,EUR,SWIFT
2025-01-01T07:37:00,Societe,FR24110343,CIH,9352622866,1901.61,MAD,1673.65,USD,CASH
2025-01-01T07:38:00,Societe,FR94362748,SG,1818944253,7829.3,USD,6880.0,MAD,CASH
2025-01-01T07:39:00,Societe,FR51973528,SG,5044617761,7550.96,USD,6082.38,EUR,SEPA
2025-01-01T07:40:00,Societe,FR62649616,SG,1497305713,4865.97,EUR,4284.94,EUR,CASH
2025-01-01T07:41:00,Societe,FR84703132,BNP,4480481073,8834.27,MAD,8149.28,EUR,SEPA
2025-01-01T07:42:00,Societe,FR80867813,BMCE,8332316808,13830.39,MAD,13985.18,USD,SWIFT
2025-01-01T07:43:00,Societe,FR14246156,SG,7440227480,3451.06,USD,3291.89,MAD,SEPA
2025-01-01T07:44:00,Societe,FR14897100,BNP,7915711011,8320.87,USD,7357.72,USD,SEPA
2025-01-01T07:45:00,Societe,FR12783490,BMCE,2046734798,2568.49,USD,3055.36,MAD,SWIFT
2025-01-01T07:46:00,Societe,FR96508087,BNP,3849438517,11154.1,MAD,12365.09,EUR,CASH
2025-01-01T07:47:00,Societe,FR93672783,SG,1728709799,7475.49,USD,7504.02,MAD,SEPA
2025-01-01T07:48:00,Societe,FR65092326,SG,7221536505,1293.68,USD,1209.5,EUR,CASH
2025-01-01T07:49:00,Societe,FR91083024,BMCE,1158898961,6837.33,MAD,8145.41,EUR,SEPA
2025-01-01T07:50:00,Societe,FR82812414,BNP,7489518686,6005.51,MAD,5483.29,USD,SEPA
2025-01-01T07:51:00,Societe,FR64243277,BNP,2947121141,6692.5,USD,6658.72,USD,SWIFT
2025-01-01T07:52:00,Societe,FR59956523,BNP,5565798358,14064.98,EUR,12402.71,MAD,SEPA
2025-01-01T07:53:00,Societe,FR59996629,CIH,1541972193,14111.23,EUR,13480.44,EUR,CASH
2025-01-01T07:54:00,Societe,FR40002680,SG,4441778454,1154.49,EUR,1301.26,MAD,SWIFT
2025-01-01T07:55:00,Societe,FR15814856,BMCE,1356355765,733.46,MAD,608.25,MAD,CASH
2025-01-01T07:56:00,Societe,FR31656127,CIH,5177048618,7054.01,EUR,8318.9,EUR,SWIFT
2025-01-01T07:57:00,Societe,FR20269502,CIH,4371896692,8912.39,MAD,10167.41,EUR,CASH
2025-01-01T07:58:00,Societe,FR63924496,BP,4381546974,6857.8,USD,8163.42,MAD,SWIFT
2025-01-01T07:59:00,Societe,FR21380429,SG,6332628616,209.68,MAD,222.21,EUR,SWIFT
2025-01-01T08:00:00,Societe,FR24281475,BNP,7114889451,916.01,EUR,1007.62,USD,SWIFT
2025-01-01T08:01:00,Societe,FR58794594,SG,2931087724,13907.57,EUR,15485.35,MAD,CASH
2025-01-01T08:02:00,Societe,FR21576781,BMCE,6887437134,12086.78,USD,11682.23,USD,SWIFT
2025-01-01T08:03:00,Societe,FR90519012,BP,7854423692,7103.23,USD,7349.98,EUR,SWIFT
2025-01-01T08:04:00,Societe,FR57290609,BMCE,9272085686,12237.25,EUR,10517.0,MAD,SEPA
2025-01-01T08:05:00,Societe,FR53452136,CIH,7533454472,9305.78,USD,9998.72,USD,SEPA
2025-01-01T08:06:00,Societe,FR21214246,SG,8736821511,6248.36,USD,5258.15,USD,SWIFT
2025-01-01T08:07:00,Societe,FR55156091,BP,5248274626,11181.1,EUR,11189.55,USD,CASH
2025-01-01T08:08:00,Societe,FR58409125,SG,1303114702,7861.46,EUR,7021.1,USD,CASH
2025-01-01T08:09:00,Societe,FR75692235,BMCE,3782700937,12958.42,MAD,14695.88,USD,CASH
2025-01-01T08:10:00,Societe,FR16633427,BMCE,3387932404,2342.06,EUR,2230.41,MAD,CASH
2025-01-01T08:11:00,Societe,FR32769625,BNP,7743640631,10328.97,USD,8390.58,MAD,CASH
2025-01-01T08:12:00,Societe,FR82836680,BP,4559586005,10734.24,EUR,11674.68,USD,CASH
2025-01-01T08:13:00,Societe,FR34754704,SG,2671013841,6398.0,USD,7635.48,USD,SWIFT
2025-01-01T08:14:00,Societe,FR45082118,CIH,1855609559,11837.33,EUR,12475.81,USD,SEPA
2025-01-01T08:15:00,Societe,FR39592302,BMCE,1390593785,14532.95,USD,13849.02,USD,CASH
2025-01-01T08:16:00,Societe,FR73049264,CIH,9408226533,10738.44,MAD,10313.24,EUR,SWIFT
2025-01-01T08:17:00,Societe,FR45036223,BNP,2925892245,5032.99,EUR,5912.23,USD,CASH
2025-01-01T08:18:00,Societe,FR20238052,CIH,2451753425,6128.29,EUR,4932.35,MAD,SWIFT
2025-01-01T08:19:00,Societe,FR82370794,BNP,7662100497,7106.94,EUR,7054.21,EUR,CASH
2025-01-01T08:20:00,Societe,FR28434522,SG,8880591008,4233.49,MAD,3783.53,EUR,CASH
2025-01-01T08:21:00,Societe,FR96782119,SG,7177755571,6640.86,EUR,6651.62,EUR,CASH
2025-01-01T08:22:00,Societe,FR82851170,BP,9226907863,7448.3,USD,6897.84,MAD,SWIFT
2025-01-01T08:23:00,Societe,FR14456127,CIH,9951011764,1076.04,EUR,1165.28,USD,SWIFT
2025-01-01T08:24:00,Societe,FR45248684,SG,2666542470,4268.41,MAD,4162.88,MAD,SWIFT
2025-01-01T08:25:00,Societe,FR50670659,BMCE,7464959016,12730.46,MAD,12205.2,USD,SWIFT
2025-01-01T08:26:00,Societe,FR85364342,BNP,9268691606,6520.88,MAD,6122.6,EUR,SWIFT
2025-01-01T08:27:00,Societe,FR49357568,BP,7510546890,6085.35,EUR,6739.65,EUR,CASH
2025-01-01T08:28:00,Societe,FR70371010,BMCE,4588625743,6605.99,EUR,6321.08,EUR,CASH
2025-01-01T08:29:00,Societe,FR58342994,BMCE,2181722748,10695.78,MAD,11977.0,EUR,CASH
2025-01-01T08:30:00,Societe,FR88636890,BMCE,6959936951,9504.21,USD,9223.0,MAD,CASH
2025-01-01T08:31:00,Societe,FR98791243,CIH,5277922102,176.05,EUR,197.12,USD,SEPA
2025-01-01T08:32:00,Societe,FR68392190,CIH,6978509016,13870.81,USD,15531.37,MAD,CASH
2025-01-01T08:33:00,Societe,FR25571129,SG,6269586420,10394.56,MAD,12409.74,MAD,SEPA
2025-01-01T08:34:00,Societe,FR81702418,BNP,8586789473,9140.67,USD,8806.89,EUR,SWIFT
2025-01-01T08:35:00,Societe,FR79884149,BP,4674726200,11011.23,USD,9170.12,EUR,SWIFT
2025-01-01T08:36:00,Societe,FR44484755,BMCE,8274768929,2317.01,MAD,2092.72,MAD,SWIFT
2025-01-01T08:37:00,Societe,FR47384089,BMCE,9094762901,3629.19,EUR,4179.51,EUR,SWIFT
2025-01-01T08:38:00,Societe,FR76306794,BP,5798397031,4854.92,MAD,5529.14,EUR,SEPA
2025-01-01T08:39:00,Societe,FR33090101,BP,5453042015,830.87,USD,911.99,USD,CASH
2025-01-01T08:40:00,Societe,FR33267001,BNP,4860561288,7213.17,USD,6697.51,EUR,CASH
2025-01-01T08:41:00,Societe,FR48494163,BNP,6485440360,4688.85,EUR,4197.99,EUR,SWIFT
2025-01-01T08:42:00,Societe,FR28683749,BNP,3024845449,4665.63,EUR,4203.36,EUR,SEPA
2025-01-01T08:43:00,Societe,FR35773441,BMCE,8189223723,10090.86,USD,8655.5,MAD,SEPA
2025-01-01T08:44:00,Societe,FR27015909,SG,9047874329,8197.19,EUR,7005.53,MAD,SWIFT
2025-01-01T08:45:00,Societe,FR59404095,BP,7369499439,487.07,MAD,487.33,USD,SWIFT
2025-01-01T08:46:00,Societe,FR48777050,BP,5016708383,14171.28,MAD,14671.01,USD,SEPA
2025-01-01T08:47:00,Societe,FR17290425,SG,5868713014,10912.37,USD,10039.46,USD,CASH
2025-01-01T08:48:00,Societe,FR50656996,BP,7336914771,5720.94,MAD,5489.63,EUR,SWIFT
2025-01-01T08:49:00,Societe,FR49036642,BP,8642401597,1773.07,USD,1519.56,USD,SWIFT
2025-01-01T08:50:00,Societe,FR93109006,CIH,6421267370,9611.09,EUR,9985.96,MAD,CASH
2025-01-01T08:51:00,Societe,FR92045769,BNP,3895776819,1007.34,EUR,1064.47,USD,SWIFT
2025-01-01T08:52:00,Societe,FR87682309,BMCE,9095149696,4150.72,USD,3860.83,MAD,SWIFT
2025-01-01T08:53:00,Societe,FR16611915,BP,5142621940,13637.39,USD,14521.63,USD,SWIFT
2025-01-01T08:54:00,Societe,FR30393161,CIH,2894547451,9902.78,USD,11300.11,USD,CASH
2025-01-01T08:55:00,Societe,FR19803526,SG,2869832630,2406.56,MAD,2324.26,USD,SWIFT
2025-01-01T08:56:00,Societe,FR38924790,SG,2814883183,659.96,USD,649.85,MAD,SWIFT
2025-01-01T08:57:00,Societe,FR74594778,BMCE,7848560143,1245.51,EUR,1213.3,MAD,CASH
2025-01-01T08:58:00,Societe,FR41746769,SG,5207346436,1547.76,USD,1791.92,MAD,SEPA
2025-01-01T08:59:00,Societe,FR81324026,BP,9432878288,9598.82,USD,8779.1,USD,CASH
2025-01-01T09:00:00,Societe,FR26341906,CIH,3755431465,759.27,USD,714.81,MAD,SEPA
2025-01-01T09:01:00,Societe,FR27388554,BMCE,5818894600,14284.68,EUR,16997.88,USD,SWIFT
2025-01-01T09:02:00,Societe,FR85330707,BNP,3437357946,483.84,MAD,534.84,USD,SWIFT
2025-01-01T09:03:00,Societe,FR50286120,SG,6035213968,7264.22,USD,6578.95,EUR,SWIFT
2025-01-01T09:04:00,Societe,FR53256745,BMCE,6431866665,14111.91,MAD,11927.4,USD,CASH
2025-01-01T09:05:00,Societe,FR37082464,SG,1229929178,13202.02,MAD,15100.52,USD,CASH
2025-01-01T09:06:00,Societe,FR27841875,BMCE,3292981165,8971.58,USD,7568.57,USD,SEPA
2025-01-01T09:07:00,Societe,FR36860858,BMCE,1216332653,13917.97,MAD,15660.73,USD,CASH
2025-01-01T09:08:00,Societe,FR57824360,SG,1112496786,7366.16,USD,7007.48,MAD,CASH
2025-01-01T09:09:00,Societe,FR98444688,SG,1365141159,5212.96,EUR,4433.86,USD,SEPA
2025-01-01T09:10:00,Societe,FR82285956,BMCE,8139895575,3677.81,MAD,3965.56,EUR,SWIFT
2025-01-01T09:11:00,Societe,FR60437721,SG,8497006259,9861.79,MAD,8859.64,MAD,CASH
2025-01-01T09:12:00,Societe,FR62069158,CIH,1325861779,8643.75,USD,9075.69,EUR,SWIFT
2025-01-01T09:13:00,Societe,FR27160533,BP,3378596141,2263.88,EUR,1848.16,USD,SWIFT
2025-01-01T09:14:00,Societe,FR83837093,BNP,2826969306,8231.58,EUR,7746.94,USD,SWIFT
2025-01-01T09:15:00,Societe,FR50829039,CIH,3741269557,9031.53,MAD,7615.09,MAD,SEPA
2025-01-01T09:16:00,Societe,FR10344150,SG,9862093012,2373.72,MAD,2757.38,MAD,CASH
2025-01-01T09:17:00,Societe,FR54480021,CIH,1011365773,337.54,EUR,375.74,EUR,SWIFT
2025-01-01T09:18:00,Societe,FR91104130,SG,3052277865,6015.76,USD,5980.57,USD,CASH
2025-01-01T09:19:00,Societe,FR56187193,BP,6243280903,1508.21,MAD,1365.52,USD,SEPA
2025-01-01T09:20:00,Societe,FR14566984,BNP,6046987316,8525.51,MAD,7589.33,USD,SEPA
2025-01-01T09:21:00,Societe,FR64052901,CIH,9389252273,4423.92,EUR,5293.6,MAD,SWIFT
2025-01-01T09:22:00,Societe,FR83406062,SG,4089982881,900.03,EUR,1041.9,MAD,SEPA
2025-01-01T09:23:00,Societe,FR82350615,BNP,5999597061,4177.37,MAD,4181.89,EUR,SWIFT
2025-01-01T09:24:00,Societe,FR15904242,BP,2181409908,7963.9,EUR,8739.29,EUR,SWIFT
2025-01-01T09:25:00,Societe,FR88712108,BP,1678178446,14828.42,MAD,17156.42,EUR,SEPA
2025-01-01T09:26:00,Societe,FR51003685,BNP,3267702212,3073.96,MAD,3053.57,MAD,CASH
2025-01-01T09:27:00,Societe,FR67499539,BNP,7410626660,11606.28,EUR,9498.36,EUR,CASH
2025-01-01T09:28:00,Societe,FR56053973,SG,4026404478,9062.25,EUR,7814.32,MAD,SWIFT
2025-01-01T09:29:00,Societe,FR93976174,BNP,1989456546,12536.29,EUR,14744.53,EUR,SEPA
2025-01-01T09:30:00,Societe,FR90622725,BP,7240278836,2551.18,EUR,2859.43,MAD,SWIFT
2025-01-01T09:31:00,Societe,FR57595915,SG,6433782600,13325.73,USD,13642.58,EUR,SWIFT
2025-01-01T09:32:00,Societe,FR63702360,BMCE,4116290636,13858.31,EUR,12723.01,MAD,SEPA
2025-01-01T09:33:00,Societe,FR41711531,CIH,2760790157,8107.26,EUR,8515.15,EUR,SEPA
2025-01-01T09:34:00,Societe,FR83238796,BNP,6078727027,11075.92,USD,10886.4,USD,CASH
2025-01-01T09:35:00,Societe,FR91905671,BP,8205448540,9649.59,USD,10702.01,USD,SWIFT
2025-01-01T09:36:00,Societe,FR32652174,CIH,2372015557,6474.13,EUR,6043.72,EUR,SWIFT
2025-01-01T09:37:00,Societe,FR26354926,CIH,6961830542,3904.78,MAD,4101.64,EUR,SEPA
2025-01-01T09:38:00,Societe,FR81123383,BNP,3011955233,1928.31,EUR,2174.28,USD,SWIFT
2025-01-01T09:39:00,Societe,FR63520259,SG,9687949709,8516.87,EUR,8193.18,USD,SEPA
2025-01-01T09:40:00,Societe,FR55635235,BNP,1131570651,5952.75,USD,6627.58,MAD,SEPA
2025-01-01T09:41:00,Societe,FR85750578,SG,2605831197,9381.91,MAD,8819.44,USD,SWIFT
2025-01-01T09:42:00,Societe,FR70638100,BNP,2073380645,6139.33,MAD,5300.74,USD,SWIFT
2025-01-01T09:43:00,Societe,FR75786792,BMCE,4181304315,1025.64,EUR,1076.39,MAD,SEPA
2025-01-01T09:44:00,Societe,FR65017965,BMCE,6234722265,8675.13,EUR,8361.88,MAD,CASH
2025-01-01T09:45:00,Societe,FR44525742,SG,2924704146,5133.29,USD,4803.67,USD,CASH
2025-01-01T09:46:00,Societe,FR53544090,BMCE,3802631176,5102.44,MAD,4753.39,MAD,CASH
2025-01-01T09:47:00,Societe,FR92169397,CIH,1724206690,5404.02,USD,5765.99,MAD,SWIFT
2025-01-01T09:48:00,Societe,FR15805416,CIH,6163544396,8146.98,MAD,9382.19,USD,SEPA
2025-01-01T09:49:00,Societe,FR87520407,CIH,1837059396,8940.28,EUR,8275.45,USD,SWIFT
2025-01-01T09:50:00,Societe,FR96351146,BMCE,5062099290,9278.53,EUR,10907.79,EUR,CASH
2025-01-01T09:51:00,Societe,FR82525789,BNP,4854337612,4660.19,USD,4703.89,USD,CASH
2025-01-01T09:52:00,Societe,FR31104839,BMCE,5574208598,882.85,EUR,1012.67,MAD,SEPA
2025-01-01T09:53:00,Societe,FR53760386,BMCE,6352674456,9339.76,USD,8141.96,EUR,SEPA
2025-01-01T09:54:00,Societe,FR30859948,SG,8915967436,12167.95,MAD,13756.91,EUR,SWIFT
2025-01-01T09:55:00,Societe,FR56608255,BNP,9906154865,10424.84,USD,11543.67,MAD,SWIFT
2025-01-01T09:56:00,Societe,FR26538812,BNP,4604013124,1193.59,EUR,1023.95,MAD,SEPA
2025-01-01T09:57:00,Societe,FR24057552,CIH,1315515728,6023.56,MAD,5480.59,MAD,SEPA
2025-01-01T09:58:00,Societe,FR14475566,BP,2242124372,12349.81,EUR,13855.83,EUR,SEPA
2025-01-01T09:59:00,Societe,FR80334842,SG,5854905117,1893.54,USD,1872.78,EUR,CASH
2025-01-01T10:00:00,Societe,FR13806371,BP,5454097087,14793.11,USD,14941.73,USD,SWIFT
2025-01-01T10:01:00,Societe,FR10636790,BP,1144072682,9750.76,MAD,7944.15,USD,CASH
2025-01-01T10:02:00,Societe,FR19298467,BNP,9014638665,1590.12,MAD,1824.75,USD,SEPA
2025-01-01T10:03:00,Societe,FR85734357,BNP,7837041029,14244.07,USD,16293.96,USD,SWIFT
2025-01-01T10:04:00,Societe,FR73581144,SG,6939656664,6922.6,MAD,5611.52,MAD,SEPA
2025-01-01T10:05:00,Societe,FR26206323,BNP,8059136230,11175.59,MAD,10328.28,EUR,SEPA
2025-01-01T10:06:00,Societe,FR38500931,SG,4259830358,14451.69,MAD,14366.66,USD,SEPA
2025-01-01T10:07:00,Societe,FR60657988,BP,9410089146,4197.98,USD,4625.79,EUR,CASH
2025-01-01T10:08:00,Societe,FR64762901,BP,8547735909,2781.37,EUR,3063.99,EUR,SWIFT
2025-01-01T10:09:00,Societe,FR59692001,BP,5745361774,2582.94,MAD,3061.74,MAD,SEPA
2025-01-01T10:10:00,Societe,FR61857706,BMCE,8669396579,5000.86,EUR,5625.05,MAD,SWIFT
2025-01-01T10:11:00,Societe,FR96586735,CIH,3475383285,5014.83,MAD,4625.21,USD,SEPA
2025-01-01T10:12:00,Societe,FR47357563,BMCE,9211900763,8952.46,USD,7477.62,EUR,SEPA
2025-01-01T10:13:00,Societe,FR36905955,SG,7586420667,10660.24,MAD,10363.57,MAD,SWIFT
2025-01-01T10:14:00,Societe,FR87142003,CIH,8726088647,11352.34,USD,12673.29,EUR,SEPA
2025-01-01T10:15:00,Societe,FR21317851,BMCE,1565783977,11391.05,USD,12619.49,MAD,CASH
2025-01-01T10:16:00,Societe,FR56356678,BMCE,9499557136,14728.22,USD,12919.16,EUR,SWIFT
2025-01-01T10:17:00,Societe,FR54494143,BP,4570761856,12064.72,MAD,13313.71,EUR,SWIFT
2025-01-01T10:18:00,Societe,FR66602084,BP,5379379801,8749.3,EUR,7217.97,MAD,SEPA
2025-01-01T10:19:00,Societe,FR96775167,CIH,3703155320,13579.61,USD,11944.28,USD,CASH
2025-01-01T10:20:00,Societe,FR38784657,BNP,7618660771,2434.72,MAD,2777.99,EUR,CASH
2025-01-01T10:21:00,Societe,FR31437007,BP,8068660727,6896.57,USD,7602.75,USD,SEPA
2025-01-01T10:22:00,Societe,FR72296483,BMCE,8973189758,5466.34,EUR,5010.23,MAD,CASH
2025-01-01T10:23:00,Societe,FR10906994,SG,7538921078,8620.7,USD,7357.52,EUR,SEPA
2025-01-01T10:24:00,Societe,FR24037215,BP,2851051398,12825.26,EUR,14072.34,EUR,SEPA
2025-01-01T10:25:00,Societe,FR94620227,BMCE,6575089511,12019.0,EUR,11506.11,EUR,CASH
2025-01-01T10:26:00,Societe,FR70588151,SG,5295270385,11444.43,USD,11722.93,USD,CASH
2025-01-01T10:27:00,Societe,FR44556862,BNP,8565155422,11270.68,EUR,9835.6,EUR,CASH
2025-01-01T10:28:00,Societe,FR52258104,BNP,9112043715,4179.83,USD,4171.47,EUR,SWIFT
2025-01-01T10:29:00,Societe,FR19107184,SG,2341035198,9458.87,USD,8337.34,MAD,CASH
2025-01-01T10:30:00,Societe,FR74064152,BNP,5947502634,982.88,MAD,1058.21,MAD,CASH
2025-01-01T10:31:00,Societe,FR62692848,BP,7416217891,2337.43,MAD,2789.33,EUR,CASH
2025-01-01T10:32:00,Societe,FR93293885,SG,9799538980,4602.93,MAD,4740.24,EUR,SWIFT
2025-01-01T10:33:00,Societe,FR99008682,BMCE,2550120200,5793.16,EUR,6602.43,MAD,SWIFT
2025-01-01T10:34:00,Societe,FR76060001,SG,2412526738,6957.52,EUR,5650.2,EUR,SWIFT
2025-01-01T10:35:00,Societe,FR79426294,BP,1059726555,11712.63,MAD,11327.7,USD,SEPA
2025-01-01T10:36:00,Societe,FR33575996,BNP,1778320845,1851.3,EUR,1722.33,USD,SWIFT
2025-01-01T10:37:00,Societe,FR58117538,BMCE,4735081842,7097.05,USD,6143.56,MAD,CASH
2025-01-01T10:38:00,Societe,FR85375724,BP,9159017172,5817.26,MAD,5713.14,USD,CASH
2025-01-01T10:39:00,Societe,FR90341877,SG,4672562665,11207.0,MAD,9955.17,EUR,SEPA
2025-01-01T10:40:00,Societe,FR19512724,CIH,4222800297,4011.99,MAD,3972.65,MAD,CASH
2025-01-01T10:41:00,Societe,FR36751630,BNP,1076529206,4139.65,USD,3686.26,USD,SEPA
2025-01-01T10:42:00,Societe,FR28945700,CIH,7375601028,4660.72,EUR,4638.55,MAD,SEPA
2025-01-01T10:43:00,Societe,FR46576284,CIH,7493025532,13108.37,MAD,14353.56,EUR,SEPA
2025-01-01T10:44:00,Societe,FR85069920,BNP,8550266437,12720.23,USD,14702.91,EUR,CASH
2025-01-01T10:45:00,Societe,FR92318135,BNP,7728707346,12533.3,EUR,12210.47,EUR,SEPA
2025-01-01T10:46:00,Societe,FR93657975,BNP,8616459070,10758.13,MAD,10840.32,MAD,SWIFT
2025-01-01T10:47:00,Societe,FR26555582,BNP,7547900308,232.09,MAD,231.23,EUR,CASH
2025-01-01T10:48:00,Societe,FR59200562,BNP,2326244665,1759.58,EUR,1948.22,USD,SEPA
2025-01-01T10:49:00,Societe,FR48042564,BMCE,2828316840,2926.8,MAD,3184.98,USD,CASH
2025-01-01T10:50:00,Societe,FR44144150,BP,8803992286,14289.25,MAD,14854.89,EUR,SEPA
2025-01-01T10:51:00,Societe,FR76350184,BP,1605443431,10914.3,EUR,10846.0,EUR,SWIFT
2025-01-01T10:52:00,Societe,FR17593687,BNP,5613869064,11162.61,MAD,12341.87,USD,CASH
2025-01-01T10:53:00,Societe,FR27450143,CIH,2535530339,14321.17,MAD,17094.01,EUR,SWIFT
2025-01-01T10:54:00,Societe,FR24970790,BP,7402349456,6293.26,MAD,6490.83,EUR,SEPA
2025-01-01T10:55:00,Societe,FR22061390,CIH,3252699638,7066.41,EUR,7705.0,EUR,CASH
2025-01-01T10:56:00,Societe,FR56737971,BP,9710282400,4111.45,USD,3640.15,USD,SWIFT
2025-01-01T10:57:00,Societe,FR42760169,BMCE,7670596544,583.6,EUR,490.85,USD,CASH
2025-01-01T10:58:00,Societe,FR21799318,BNP,5564205564,4316.94,USD,4601.96,MAD,SWIFT
2025-01-01T10:59:00,Societe,FR24767093,CIH,5615960754,14933.85,MAD,15396.98,EUR,SWIFT
2025-01-01T11:00:00,Societe,FR64790125,BMCE,2021846452,11473.58,USD,11473.78,USD,SEPA
2025-01-01T11:01:00,Societe,FR13653128,BMCE,7997353172,6347.4,EUR,7602.57,MAD,SWIFT
2025-01-01T11:02:00,Societe,FR37445734,BMCE,4016593521,11326.38,MAD,11042.23,USD,CASH
2025-01-01T11:03:00,Societe,FR77895339,BP,7349203219,4443.53,EUR,3797.84,EUR,CASH
2025-01-01T11:04:00,Societe,FR95149078,BP,8567975678,6618.21,USD,5351.89,MAD,SEPA
2025-01-01T11:05:00,Societe,FR51807973,BP,7213582142,9748.1,USD,8745.04,MAD,CASH
2025-01-01T11:06:00,Societe,FR66612269,BMCE,6667584051,5126.98,EUR,4150.49,EUR,SWIFT
2025-01-01T11:07:00,Societe,FR40116987,BNP,4118234789,10007.03,EUR,10896.73,MAD,SEPA
2025-01-01T11:08:00,Societe,FR18067766,BP,5550702423,10949.92,USD,12212.35,USD,SEPA
2025-01-01T11:09:00,Societe,FR76545655,BP,9273997999,1048.26,MAD,1032.34,USD,CASH
2025-01-01T11:10:00,Societe,FR36662856,BP,8998450015,9900.11,USD,8486.43,MAD,SWIFT
2025-01-01T11:11:00,Societe,FR11229066,BP,4634813035,11637.6,EUR,12135.93,EUR,SWIFT
2025-01-01T11:12:00,Societe,FR98730665,SG,3928739540,7696.31,USD,8699.5,USD,SEPA
2025-01-01T11:13:00,Societe,FR74811026,BP,3201950956,6582.61,EUR,5271.38,EUR,CASH
2025-01-01T11:14:00,Societe,FR96352512,BMCE,3159095117,6194.95,EUR,5330.72,EUR,CASH
2025-01-01T11:15:00,Societe,FR49816091,BP,1046981500,4988.12,USD,4147.82,MAD,SEPA
2025-01-01T11:16:00,Societe,FR57487271,BP,6815749940,14597.58,MAD,11991.18,EUR,SWIFT
2025-01-01T11:17:00,Societe,FR14312990,BMCE,3993474731,13163.17,EUR,13620.48,MAD,SWIFT
2025-01-01T11:18:00,Societe,FR21726586,CIH,8436631815,1632.49,EUR,1940.05,USD,CASH
2025-01-01T11:19:00,Societe,FR30933149,CIH,5805636694,11325.83,MAD,10704.44,EUR,SEPA
2025-01-01T11:20:00,Societe,FR53017948,BP,2131364455,7214.07,USD,7398.46,EUR,CASH
2025-01-01T11:21:00,Societe,FR19718531,BMCE,3522018360,9182.51,MAD,8231.94,USD,CASH
2025-01-01T11:22:00,Societe,FR95415906,SG,9227518493,763.17,USD,905.75,MAD,CASH
2025-01-01T11:23:00,Societe,FR77882236,CIH,5627431745,13691.27,EUR,11922.73,MAD,CASH
2025-01-01T11:24:00,Societe,FR43622570,BMCE,1288818702,5352.13,EUR,5404.65,MAD,SEPA
2025-01-01T11:25:00,Societe,FR47197339,CIH,6612438125,173.68,MAD,169.7,EUR,SWIFT
2025-01-01T11:26:00,Societe,FR20378763,CIH,3348222469,10808.37,EUR,9137.78,USD,SEPA
2025-01-01T11:27:00,Societe,FR61927297,BMCE,2279238815,11717.56,USD,9545.42,USD,SWIFT
2025-01-01T11:28:00,Societe,FR81305832,BNP,1348772514,393.43,EUR,328.34,EUR,SWIFT
2025-01-01T11:29:00,Societe,FR30804725,BP,5707209918,7720.38,EUR,7226.33,USD,CASH
2025-01-01T11:30:00,Societe,FR64884429,BNP,1064612188,6455.88,EUR,5679.8,USD,SWIFT
2025-01-01T11:31:00,Societe,FR73068697,SG,9798839012,4071.29,MAD,4674.89,EUR,SEPA
2025-01-01T11:32:00,Societe,FR97446037,BMCE,6317796995,7105.76,EUR,7317.52,USD,SEPA
2025-01-01T11:33:00,Societe,FR72836957,CIH,4574131301,12594.11,USD,12217.28,EUR,CASH
2025-01-01T11:34:00,Societe,FR36721390,BNP,9696058630,11137.29,MAD,8958.83,EUR,SWIFT
2025-01-01T11:35:00,Societe,FR22229309,BNP,1585097656,13824.17,USD,15198.47,MAD,SWIFT
2025-01-01T11:36:00,Societe,FR60418289,BMCE,2524184245,110.83,MAD,128.0,EUR,CASH
2025-01-01T11:37:00,Societe,FR96918278,BNP,4811845197,7048.12,MAD,8452.99,MAD,CASH
2025-01-01T11:38:00,Societe,FR93545470,SG,3443234405,1027.75,EUR,1195.2,EUR,CASH
2025-01-01T11:39:00,Societe,FR23869114,CIH,3850988015,9029.12,USD,10509.94,MAD,CASH
2025-01-01T11:40:00,Societe,FR69108610,BNP,1999604500,14032.65,MAD,16655.49,USD,SWIFT
2025-01-01T11:41:00,Societe,FR92569985,BMCE,4106071042,12754.35,MAD,12545.54,MAD,SEPA
2025-01-01T11:42:00,Societe,FR39015147,BMCE,4785074178,11048.31,MAD,10333.86,MAD,SWIFT
2025-01-01T11:43:00,Societe,FR43068458,BP,2833614540,7711.33,EUR,7105.52,MAD,SWIFT
2025-01-01T11:44:00,Societe,FR67064741,SG,9885004787,6821.22,EUR,7026.96,EUR,CASH
2025-01-01T11:45:00,Societe,FR61706590,BMCE,4292460440,4211.74,USD,3537.87,USD,SEPA
2025-01-01T11:46:00,Societe,FR66515065,CIH,8711307773,5935.91,EUR,5716.97,USD,CASH
2025-01-01T11:47:00,Societe,FR45274207,CIH,8587864595,6340.55,MAD,6927.8,EUR,SWIFT
2025-01-01T11:48:00,Societe,FR90579018,SG,5961906009,2756.81,USD,2515.63,USD,SEPA
2025-01-01T11:49:00,Societe,FR32995800,CIH,3869687542,9232.25,MAD,8091.69,MAD,SEPA
2025-01-01T11:50:00,Societe,FR63522863,BNP,9455965926,14187.6,MAD,16032.95,MAD,CASH
2025-01-01T11:51:00,Societe,FR67353673,BMCE,9074623936,11836.03,USD,13607.25,EUR,SEPA
2025-01-01T11:52:00,Societe,FR68313555,SG,8160513313,11015.73,MAD,12959.55,EUR,SEPA
2025-01-01T11:53:00,Societe,FR48657293,BMCE,8990554851,8201.63,USD,9439.32,MAD,SWIFT
2025-01-01T11:54:00,Societe,FR88988399,BNP,7755793793,5119.16,MAD,4110.23,MAD,SWIFT
2025-01-01T11:55:00,Societe,FR68227049,BNP,4372375758,6190.35,EUR,7371.72,USD,CASH
2025-01-01T11:56:00,Societe,FR29829450,BMCE,5952782976,1426.07,MAD,1177.79,USD,SEPA
2025-01-01T11:57:00,Societe,FR29406982,CIH,1064318291,8510.04,EUR,7007.0,USD,SWIFT
2025-01-01T11:58:00,Societe,FR66790297,CIH,6720306437,12043.42,MAD,9765.04,USD,SEPA
2025-01-01T11:59:00,Societe,FR48812280,CIH,8174773682,14385.17,EUR,17232.7,MAD,SWIFT
2025-01-01T12:00:00,Societe,FR72247692,CIH,7088870001,9780.87,MAD,11558.77,USD,CASH
2025-01-01T12:01:00,Societe,FR59862088,CIH,4120591514,9001.96,USD,7617.52,EUR,SEPA
2025-01-01T12:02:00,Societe,FR54614827,BNP,8692906322,1629.15,EUR,1321.37,MAD,CASH
2025-01-01T12:03:00,Societe,FR65799149,CIH,9542494455,14449.1,MAD,15544.72,USD,SWIFT
2025-01-01T12:04:00,Societe,FR96647437,CIH,6587251861,13639.4,MAD,11678.62,USD,CASH
2025-01-01T12:05:00,Societe,FR44714676,BP,5076934252,13070.47,MAD,13553.25,USD,SWIFT
2025-01-01T12:06:00,Societe,FR73256300,CIH,8266043963,7133.62,EUR,6569.17,EUR,SEPA
2025-01-01T12:07:00,Societe,FR71578996,SG,2969182995,6847.21,EUR,6787.27,USD,SEPA
2025-01-01T12:08:00,Societe,FR33626905,CIH,9996445570,6282.37,EUR,7039.27,USD,SEPA
2025-01-01T12:09:00,Societe,FR30882103,SG,2033753098,14772.21,MAD,17357.27,USD,CASH
2025-01-01T12:10:00,Societe,FR78861512,CIH,9714683396,9220.33,USD,10989.82,MAD,SEPA
2025-01-01T12:11:00,Societe,FR11248425,BMCE,6860639272,11090.29,USD,9212.07,EUR,SWIFT
2025-01-01T12:12:00,Societe,FR98380906,BP,8012078155,6167.53,EUR,6059.28,USD,SWIFT
2025-01-01T12:13:00,Societe,FR58972463,SG,5587268960,3892.71,USD,4255.27,USD,SWIFT
2025-01-01T12:14:00,Societe,FR28103654,SG,3528630255,7375.49,MAD,7279.01,MAD,CASH
2025-01-01T12:15:00,Societe,FR81608432,CIH,8786709177,1334.76,MAD,1344.97,EUR,CASH
2025-01-01T12:16:00,Societe,FR93225634,SG,7597423204,8787.2,EUR,8050.98,EUR,SEPA
2025-01-01T12:17:00,Societe,FR13549345,BMCE,4642285668,8249.85,USD,9075.02,EUR,SWIFT
2025-01-01T12:18:00,Societe,FR66865413,BMCE,6256888507,14786.03,MAD,14703.96,USD,SEPA
2025-01-01T12:19:00,Societe,FR77962615,BNP,3432669592,915.82,USD,965.95,MAD,SWIFT
2025-01-01T12:20:00,Societe,FR47750715,BP,3987774438,11455.18,EUR,12601.38,EUR,SEPA
2025-01-01T12:21:00,Societe,FR82590789,SG,2694464824,2668.56,MAD,2422.66,USD,CASH
2025-01-01T12:22:00,Societe,FR61868548,BP,6369746305,5849.41,USD,5480.41,EUR,CASH
2025-01-01T12:23:00,Societe,FR65150685,BNP,8481806677,14717.19,USD,16603.78,MAD,SEPA
2025-01-01T12:24:00,Societe,FR65286331,BNP,4866977647,1509.37,MAD,1432.28,MAD,CASH
2025-01-01T12:25:00,Societe,FR86740211,BNP,2308187779,1242.21,MAD,1004.91,MAD,CASH
2025-01-01T12:26:00,Societe,FR25973726,BNP,8770057331,4478.81,MAD,4821.04,MAD,CASH
2025-01-01T12:27:00,Societe,FR30454040,SG,8248110393,1559.15,MAD,1296.99,USD,SEPA
2025-01-01T12:28:00,Societe,FR16187230,BNP,8133408955,3998.82,MAD,4562.55,MAD,SEPA
2025-01-01T12:29:00,Societe,FR13724633,SG,9976014074,11141.52,EUR,10638.14,MAD,SEPA
2025-01-01T12:30:00,Societe,FR94335567,BP,9783137426,2982.91,MAD,2868.57,EUR,SWIFT
2025-01-01T12:31:00,Societe,FR41084149,BMCE,5055232515,11431.04,MAD,9566.31,USD,SEPA
2025-01-01T12:32:00,Societe,FR19621729,CIH,8061244852,9271.47,MAD,9489.94,USD,CASH
2025-01-01T12:33:00,Societe,FR59091864,BP,8726641263,9796.73,MAD,10141.89,USD,SEPA
2025-01-01T12:34:00,Societe,FR70691288,BNP,7045577577,3848.27,MAD,4381.95,MAD,SWIFT
2025-01-01T12:35:00,Societe,FR31210241,BMCE,1056626112,3238.35,EUR,3432.57,EUR,SEPA
2025-01-01T12:36:00,Societe,FR48715333,SG,1255497811,3903.98,EUR,3777.41,MAD,SWIFT
2025-01-01T12:37:00,Societe,FR47425188,BMCE,1319696665,7056.15,MAD,8074.51,EUR,SEPA
2025-01-01T12:38:00,Societe,FR12177386,BP,3163311103,4211.2,USD,3882.98,EUR,SWIFT
2025-01-01T12:39:00,Societe,FR31255389,CIH,3414021627,8831.92,USD,9687.2,MAD,CASH
2025-01-01T12:40:00,Societe,FR16893407,BNP,6261419978,7265.98,EUR,6131.8,USD,SWIFT
2025-01-01T12:41:00,Societe,FR96189954,CIH,3915471182,7566.92,USD,8748.5,USD,CASH
2025-01-01T12:42:00,Societe,FR75516172,BNP,6641287143,11957.82,USD,13903.44,MAD,CASH
2025-01-01T12:43:00,Societe,FR19114897,CIH,5755596792,176.29,EUR,147.67,USD,SEPA
2025-01-01T12:44:00,Societe,FR45556243,BMCE,4460754099,12389.15,MAD,13712.83,EUR,CASH
2025-01-01T12:45:00,Societe,FR47570979,SG,6171666148,10364.48,EUR,9261.26,USD,SWIFT
2025-01-01T12:46:00,Societe,FR23852176,CIH,8713051740,11763.4,USD,10642.13,MAD,SEPA
2025-01-01T12:47:00,Societe,FR78650172,SG,8391688443,9931.56,USD,8821.72,EUR,SWIFT
2025-01-01T12:48:00,Societe,FR33703429,BP,7078266596,7393.47,USD,6639.69,USD,CASH
2025-01-01T12:49:00,Societe,FR49741863,BP,7740248386,12610.0,USD,13168.25,EUR,SEPA
2025-01-01T12:50:00,Societe,FR13153025,BNP,7592974993,7760.72,MAD,8842.75,EUR,CASH
2025-01-01T12:51:00,Societe,FR79888623,BMCE,5309665273,580.33,EUR,594.94,EUR,SEPA
2025-01-01T12:52:00,Societe,FR91099414,SG,7830653588,5943.23,USD,5076.88,EUR,SEPA
2025-01-01T12:53:00,Societe,FR86843115,CIH,7992253776,12777.76,EUR,14257.59,MAD,SWIFT
2025-01-01T12:54:00,Societe,FR97413463,BP,4561039610,9883.63,USD,8225.63,EUR,SEPA
2025-01-01T12:55:00,Societe,FR74622560,BMCE,8736012284,14137.91,EUR,13829.83,EUR,SEPA
2025-01-01T12:56:00,Societe,FR22814751,BMCE,5667715730,9330.1,USD,8923.75,MAD,SEPA
2025-01-01T12:57:00,Societe,FR17428014,BMCE,8820541701,8291.61,USD,9708.95,USD,SWIFT
2025-01-01T12:58:00,Societe,FR93548306,BNP,6511160293,7214.7,MAD,8428.22,MAD,SEPA
2025-01-01T12:59:00,Societe,FR34974756,BP,8342403921,12952.49,USD,10390.02,USD,SWIFT
2025-01-01T13:00:00,Societe,FR80639515,SG,1904426935,950.57,USD,895.27,EUR,SWIFT
2025-01-01T13:01:00,Societe,FR98523064,BMCE,3119241686,7152.59,MAD,7531.59,MAD,CASH
2025-01-01T13:02:00,Societe,FR68156391,BNP,2282054542,6165.1,EUR,7034.56,MAD,SWIFT
2025-01-01T13:03:00,Societe,FR44808961,CIH,3421846282,4513.05,MAD,4759.68,EUR,CASH
2025-01-01T13:04:00,Societe,FR37951244,BNP,2644187890,10292.41,MAD,12086.92,MAD,SEPA
2025-01-01T13:05:00,Societe,FR70990641,BMCE,3008081243,8762.7,EUR,8217.46,USD,SEPA
2025-01-01T13:06:00,Societe,FR70764394,BP,3767222276,5490.7,EUR,6172.98,USD,CASH
2025-01-01T13:07:00,Societe,FR28814798,BMCE,2788680242,7657.65,EUR,7280.4,EUR,SWIFT
2025-01-01T13:08:00,Societe,FR92605371,BP,8633678203,3705.01,MAD,3594.24,MAD,CASH
2025-01-01T13:09:00,Societe,FR72913299,CIH,6136840801,5641.86,USD,4523.94,MAD,SWIFT
2025-01-01T13:10:00,Societe,FR95724823,CIH,1557704715,1342.22,USD,1202.85,EUR,SEPA
2025-01-01T13:11:00,Societe,FR94512736,BP,1433257386,10213.71,USD,9326.68,USD,SEPA
2025-01-01T13:12:00,Societe,FR50731951,CIH,8753823524,2844.98,EUR,3406.56,MAD,SEPA
2025-01-01T13:13:00,Societe,FR32913326,BP,1093568899,8932.22,EUR,10180.06,EUR,SWIFT
2025-01-01T13:14:00,Societe,FR66880387,BNP,2837891524,463.58,EUR,542.42,EUR,SEPA
2025-01-01T13:15:00,Societe,FR74826923,BMCE,9090505476,6453.28,MAD,5246.77,MAD,SEPA
2025-01-01T13:16:00,Societe,FR30440940,SG,6809314844,12023.05,EUR,11811.58,EUR,CASH
2025-01-01T13:17:00,Societe,FR86870184,CIH,8646908532,7310.03,MAD,5900.54,USD,CASH
2025-01-01T13:18:00,Societe,FR48265305,SG,1001961289,3737.89,EUR,3453.09,MAD,SEPA
2025-01-01T13:19:00,Societe,FR51412635,SG,8258504218,2877.77,EUR,3288.65,MAD,CASH
2025-01-01T13:20:00,Societe,FR77527161,CIH,9533695257,6529.81,USD,7002.07,EUR,SWIFT
2025-01-01T13:21:00,Societe,FR10716692,CIH,4058029617,7438.86,USD,6707.82,MAD,SEPA
2025-01-01T13:22:00,Societe,FR88226113,SG,4319369035,5859.82,MAD,4869.65,USD,SWIFT
2025-01-01T13:23:00,Societe,FR93109565,BP,6240344745,4531.58,USD,5033.23,USD,SEPA
2025-01-01T13:24:00,Societe,FR61361322,BP,1285108050,14701.32,EUR,14592.3,USD,CASH
2025-01-01T13:25:00,Societe,FR26487152,SG,1651864236,13082.2,MAD,12620.91,EUR,SEPA
2025-01-01T13:26:00,Societe,FR60439475,SG,2273009444,13482.23,MAD,15341.86,USD,CASH
2025-01-01T13:27:00,Societe,FR39914710,CIH,4012563379,5697.62,MAD,6134.04,MAD,CASH
2025-01-01T13:28:00,Societe,FR33819325,BMCE,5367495410,1407.57,USD,1394.65,MAD,SEPA
2025-01-01T13:29:00,Societe,FR54268240,BNP,5690282024,7971.05,MAD,7995.91,MAD,CASH
2025-01-01T13:30:00,Societe,FR22417937,CIH,9102881476,2055.33,MAD,1741.6,EUR,SEPA
2025-01-01T13:31:00,Societe,FR91989084,BMCE,6497965518,5982.06,USD,6915.83,USD,SWIFT
2025-01-01T13:32:00,Societe,FR13706087,CIH,3176640592,10363.81,USD,11627.05,EUR,SEPA
2025-01-01T13:33:00,Societe,FR13906213,SG,9618597194,3435.92,MAD,2807.69,USD,CASH
2025-01-01T13:34:00,Societe,FR33396437,BP,2991552649,650.39,MAD,779.7,USD,SEPA
2025-01-01T13:35:00,Societe,FR38753250,CIH,9908266142,9209.02,MAD,8624.85,MAD,CASH
2025-01-01T13:36:00,Societe,FR21977704,BP,4827973510,4131.16,EUR,3596.91,MAD,SWIFT
2025-01-01T13:37:00,Societe,FR63201952,BMCE,1782371605,2695.84,EUR,2898.25,MAD,SEPA
2025-01-01T13:38:00,Societe,FR72277855,BP,2489506247,4795.6,MAD,4991.7,USD,CASH
2025-01-01T13:39:00,Societe,FR95574137,BP,5399166954,5995.29,EUR,5614.11,MAD,SWIFT
2025-01-01T13:40:00,Societe,FR10653619,SG,1643478879,7956.67,EUR,9451.48,MAD,SEPA
2025-01-01T13:41:00,Societe,FR39543926,BP,3052215957,4072.96,USD,3846.79,MAD,SWIFT
2025-01-01T13:42:00,Societe,FR68947288,SG,7253544791,14786.45,MAD,12253.7,MAD,CASH
2025-01-01T13:43:00,Societe,FR96784562,BP,7623307756,7360.14,EUR,6838.06,EUR,SWIFT
2025-01-01T13:44:00,Societe,FR47179570,CIH,4123865739,13837.38,USD,16338.82,MAD,SEPA
2025-01-01T13:45:00,Societe,FR25059879,SG,2014847642,2931.64,MAD,3328.08,USD,SWIFT
2025-01-01T13:46:00,Societe,FR26904281,CIH,1297218493,1186.66,MAD,1331.87,MAD,SWIFT
2025-01-01T13:47:00,Societe,FR68658401,CIH,5603416399,5467.46,MAD,5430.56,MAD,SWIFT
2025-01-01T13:48:00,Societe,FR58349051,BMCE,5420255141,137.58,USD,110.11,USD,CASH
2025-01-01T13:49:00,Societe,FR97729990,SG,7794228866,14876.27,EUR,12663.46,USD,SEPA
2025-01-01T13:50:00,Societe,FR19252600,BMCE,5401032867,10110.41,EUR,10615.43,USD,SWIFT
2025-01-01T13:51:00,Societe,FR74521243,SG,8066235968,3615.06,EUR,3561.26,USD,CASH
2025-01-01T13:52:00,Societe,FR39460515,BNP,9280796442,8872.99,EUR,8390.43,EUR,SEPA
2025-01-01T13:53:00,Societe,FR85196701,BMCE,2547049632,9958.86,USD,11211.6,EUR,SEPA
2025-01-01T13:54:00,Societe,FR47254009,BNP,1433200959,838.7,EUR,803.97,EUR,CASH
2025-01-01T13:55:00,Societe,FR33935177,BMCE,3425474892,7936.52,MAD,8150.51,USD,SWIFT
2025-01-01T13:56:00,Societe,FR58121775,CIH,8476404197,12801.29,USD,13015.45,EUR,SEPA
2025-01-01T13:57:00,Societe,FR49069595,BNP,4014999622,10030.86,EUR,8706.13,EUR,SWIFT
2025-01-01T13:58:00,Societe,FR57323003,SG,3901589663,3283.09,USD,3859.56,MAD,CASH
2025-01-01T13:59:00,Societe,FR48810279,CIH,4161709576,13823.99,USD,14080.33,MAD,CASH
2025-01-01T14:00:00,Societe,FR90516433,CIH,5551459866,3449.3,EUR,3472.58,USD,CASH
2025-01-01T14:01:00,Societe,FR76224850,BMCE,8610155518,10618.45,EUR,9117.87,MAD,SEPA
2025-01-01T14:02:00,Societe,FR29585661,BNP,7358794096,4494.14,USD,3772.35,MAD,SEPA
2025-01-01T14:03:00,Societe,FR21112026,BP,4024823608,11536.53,USD,11925.11,USD,SWIFT
2025-01-01T14:04:00,Societe,FR51655108,CIH,3178844376,10542.5,EUR,9851.32,USD,SEPA
2025-01-01T14:05:00,Societe,FR80164702,BP,8503601936,2924.23,USD,2607.84,USD,SWIFT
2025-01-01T14:06:00,Societe,FR42393099,BMCE,3625676884,6453.42,USD,7484.93,MAD,SWIFT
2025-01-01T14:07:00,Societe,FR91298293,BP,3886263979,12785.45,USD,10557.24,USD,SWIFT
2025-01-01T14:08:00,Societe,FR41244166,BNP,5080275339,7182.16,MAD,8200.36,USD,SWIFT
2025-01-01T14:09:00,Societe,FR65735923,CIH,8642851956,5484.09,EUR,5110.2,USD,SEPA
2025-01-01T14:10:00,Societe,FR77681210,BNP,8556103718,9885.19,MAD,8013.35,USD,SEPA
2025-01-01T14:11:00,Societe,FR98083601,BNP,2699079170,6628.91,MAD,5765.95,MAD,CASH
2025-01-01T14:12:00,Societe,FR77138099,BP,2096006350,12814.34,USD,14080.72,USD,SWIFT
2025-01-01T14:13:00,Societe,FR37507097,BNP,3752069722,804.66,EUR,866.3,USD,CASH
2025-01-01T14:14:00,Societe,FR88512118,SG,6147201272,3026.5,USD,3134.53,USD,CASH
2025-01-01T14:15:00,Societe,FR82629505,BP,8587206254,9824.81,MAD,10726.74,USD,SEPA
2025-01-01T14:16:00,Societe,FR43524783,SG,9302348888,9270.04,MAD,11068.7,USD,SWIFT
2025-01-01T14:17:00,Societe,FR76740469,BNP,1535364040,14256.71,MAD,13300.18,MAD,CASH
2025-01-01T14:18:00,Societe,FR11231258,BMCE,2874612339,10612.8,USD,11252.09,MAD,SEPA
2025-01-01T14:19:00,Societe,FR42583166,CIH,5402966648,350.51,USD,419.83,USD,CASH
2025-01-01T14:20:00,Societe,FR26039669,BMCE,7791012501,8608.35,MAD,9986.7,USD,SEPA
2025-01-01T14:21:00,Societe,FR42950280,BNP,1991878989,8982.21,USD,10269.72,USD,CASH
2025-01-01T14:22:00,Societe,FR63825074,BMCE,7876991150,6917.61,USD,6216.75,EUR,CASH
2025-01-01T14:23:00,Societe,FR40040932,BP,5598739400,1728.66,MAD,1642.18,EUR,SEPA
2025-01-01T14:24:00,Societe,FR28546091,BMCE,9381808774,4896.28,EUR,4760.01,USD,CASH
2025-01-01T14:25:00,Societe,FR50942510,BP,3024568154,3632.78,MAD,3326.59,MAD,SWIFT
2025-01-01T14:26:00,Societe,FR83254805,BP,5064711362,6668.47,MAD,5454.99,EUR,SWIFT
2025-01-01T14:27:00,Societe,FR77592321,SG,7555158962,8958.75,MAD,9261.39,MAD,CASH
2025-01-01T14:28:00,Societe,FR12175351,BP,5820888489,14554.8,USD,13530.8,MAD,CASH
2025-01-01T14:29:00,Societe,FR46662754,BMCE,6288003952,8209.38,USD,7286.42,USD,CASH
2025-01-01T14:30:00,Societe,FR11553716,BNP,9071309898,6611.68,EUR,6116.75,USD,SEPA
2025-01-01T14:31:00,Societe,FR25327473,BMCE,3976416519,10790.5,EUR,12876.75,EUR,SWIFT
2025-01-01T14:32:00,Societe,FR45583643,SG,3767180115,6683.38,EUR,7419.2,USD,CASH
2025-01-01T14:33:00,Societe,FR48304516,SG,6094993950,6148.25,USD,5908.75,MAD,CASH
2025-01-01T14:34:00,Societe,FR58825564,CIH,8193250132,14297.77,EUR,16083.03,USD,SWIFT
2025-01-01T14:35:00,Societe,FR98636387,BP,2295298794,9442.73,MAD,8219.77,EUR,CASH
2025-01-01T14:36:00,Societe,FR47679401,BNP,8718852589,585.95,EUR,572.38,USD,SEPA
2025-01-01T14:37:00,Societe,FR15490356,BNP,1178512318,7875.75,MAD,7804.99,MAD,SWIFT
2025-01-01T14:38:00,Societe,FR31561545,BNP,5494684765,5972.52,EUR,6433.91,USD,CASH
2025-01-01T14:39:00,Societe,FR41062164,BNP,1597393368,11439.84,EUR,12964.92,USD,CASH
2025-01-01T14:40:00,Societe,FR92871103,BP,5582687401,4315.31,EUR,4405.49,EUR,SEPA
2025-01-01T14:41:00,Societe,FR27380780,CIH,2890029945,12907.51,MAD,11956.16,EUR,CASH
2025-01-01T14:42:00,Societe,FR20592581,BP,2486513288,1071.14,USD,1103.14,MAD,CASH
2025-01-01T14:43:00,Societe,FR70908937,BNP,1005219681,10940.1,USD,10570.28,USD,CASH
2025-01-01T14:44:00,Societe,FR57334814,BNP,3935012963,6297.73,EUR,6377.94,MAD,CASH
2025-01-01T14:45:00,Societe,FR75457933,SG,3355309788,9058.4,USD,8425.15,MAD,CASH
2025-01-01T14:46:00,Societe,FR28552816,BNP,5015499842,10840.62,MAD,11190.06,USD,CASH
2025-01-01T14:47:00,Societe,FR83093995,BNP,7282392373,9605.23,EUR,8071.13,MAD,SEPA
2025-01-01T14:48:00,Societe,FR89501277,BMCE,5034726921,8277.24,EUR,9663.9,USD,SWIFT
2025-01-01T14:49:00,Societe,FR71409907,BP,3412730582,10057.86,USD,10285.97,USD,SWIFT
2025-01-01T14:50:00,Societe,FR25378906,CIH,1872954612,14688.55,USD,16343.13,EUR,SWIFT
2025-01-01T14:51:00,Societe,FR46617471,BP,8873029720,14751.73,EUR,14164.78,EUR,SWIFT
2025-01-01T14:52:00,Societe,FR80832790,SG,9243119879,5706.08,EUR,5162.01,MAD,SWIFT
2025-01-01T14:53:00,Societe,FR44784955,BP,1536072900,909.99,EUR,917.34,EUR,CASH
2025-01-01T14:54:00,Societe,FR67530208,CIH,6121946364,14927.7,MAD,16033.08,EUR,SWIFT
2025-01-01T14:55:00,Societe,FR23994726,BP,5683092180,1959.45,EUR,2322.36,MAD,CASH
2025-01-01T14:56:00,Societe,FR99401598,BNP,5773411041,8623.56,MAD,10048.48,MAD,SEPA
2025-01-01T14:57:00,Societe,FR25025875,SG,4211958504,11303.84,USD,13228.44,EUR,SWIFT
2025-01-01T14:58:00,Societe,FR37251692,BNP,7332397951,10615.84,MAD,11340.63,USD,CASH
2025-01-01T14:59:00,Societe,FR28641030,BNP,4831384034,12202.9,EUR,13325.31,USD,CASH
2025-01-01T15:00:00,Societe,FR13630833,SG,3126610326,13139.7,MAD,14683.0,EUR,SEPA
2025-01-01T15:01:00,Societe,FR80740358,BNP,2086459451,12670.3,USD,12679.31,EUR,SWIFT
2025-01-01T15:02:00,Societe,FR40612474,BMCE,8388104046,5037.28,USD,4844.09,EUR,SWIFT
2025-01-01T15:03:00,Societe,FR38289106,BNP,5078408599,6249.73,EUR,6392.36,EUR,CASH
2025-01-01T15:04:00,Societe,FR79789853,BMCE,9132138705,4945.22,EUR,4293.88,MAD,SEPA
2025-01-01T15:05:00,Societe,FR40227320,BNP,4994449867,1005.73,USD,848.06,EUR,SEPA
2025-01-01T15:06:00,Societe,FR52376333,CIH,6646706632,4168.93,MAD,3923.79,EUR,SEPA
2025-01-01T15:07:00,Societe,FR45418531,CIH,1537085505,122.58,MAD,98.9,EUR,CASH
2025-01-01T15:08:00,Societe,FR25563673,SG,7679664285,9897.6,MAD,8182.66,EUR,SWIFT
2025-01-01T15:09:00,Societe,FR92307293,SG,9682288642,3762.85,EUR,4180.99,USD,SEPA
2025-01-01T15:10:00,Societe,FR16415576,SG,5795954043,874.21,USD,946.53,USD,SWIFT
2025-01-01T15:11:00,Societe,FR23679322,BMCE,1897398738,4484.75,EUR,4178.23,EUR,SEPA
2025-01-01T15:12:00,Societe,FR85976025,BMCE,8807059917,6924.16,MAD,8092.67,USD,SWIFT
2025-01-01T15:13:00,Societe,FR10217203,BP,7523562178,13508.5,USD,13102.82,EUR,SEPA
2025-01-01T15:14:00,Societe,FR61723162,BP,7018858280,5433.05,MAD,4532.13,USD,SEPA
2025-01-01T15:15:00,Societe,FR38836145,SG,9204394219,4268.51,USD,3728.44,EUR,SEPA
2025-01-01T15:16:00,Societe,FR16745014,BP,2788172194,6862.29,EUR,5574.18,USD,SWIFT
2025-01-01T15:17:00,Societe,FR71576838,BMCE,4305176913,3944.85,MAD,4323.38,USD,CASH
2025-01-01T15:18:00,Societe,FR90544426,SG,2836635320,3437.96,EUR,3193.13,MAD,CASH
2025-01-01T15:19:00,Societe,FR45844764,BMCE,2070098901,7274.51,USD,6831.84,USD,SEPA
2025-01-01T15:20:00,Societe,FR53111930,BP,6571858261,9024.1,MAD,9879.58,USD,SEPA
2025-01-01T15:21:00,Societe,FR42785960,BP,6894339950,9959.16,EUR,9800.35,MAD,CASH
2025-01-01T15:22:00,Societe,FR30018039,BP,6266987496,4514.33,EUR,3867.72,EUR,SEPA
2025-01-01T15:23:00,Societe,FR56206794,BP,6091302851,3492.31,USD,3437.29,EUR,SWIFT
2025-01-01T15:24:00,Societe,FR56485009,BP,2862236774,6253.07,MAD,5561.18,MAD,CASH
2025-01-01T15:25:00,Societe,FR28495551,BNP,7279127001,4483.45,USD,4927.23,MAD,CASH
2025-01-01T15:26:00,Societe,FR33080749,CIH,3206490085,9391.42,EUR,8459.66,USD,SWIFT
2025-01-01T15:27:00,Societe,FR30172943,BNP,4877439651,8545.96,EUR,6944.86,MAD,CASH
2025-01-01T15:28:00,Societe,FR74182131,BP,2369120243,5958.28,USD,6136.22,MAD,SEPA
2025-01-01T15:29:00,Societe,FR94407016,SG,2590642809,12683.37,EUR,14414.8,EUR,CASH
2025-01-01T15:30:00,Societe,FR76665837,BNP,7943244689,2514.31,EUR,2057.33,USD,SWIFT
2025-01-01T15:31:00,Societe,FR64181381,BP,6329288211,12303.42,MAD,12770.93,USD,CASH
2025-01-01T15:32:00,Societe,FR75804833,BMCE,1321383565,7528.49,EUR,8536.09,MAD,SEPA
2025-01-01T15:33:00,Societe,FR45907328,BP,9995885399,11860.98,MAD,12412.56,EUR,SEPA
2025-01-01T15:34:00,Societe,FR20166650,SG,8004040183,14618.1,MAD,16104.52,EUR,SEPA
2025-01-01T15:35:00,Societe,FR22629441,CIH,7788573094,11001.48,USD,10227.29,EUR,SEPA
2025-01-01T15:36:00,Societe,FR26010727,BMCE,9455263716,7122.46,EUR,6784.97,EUR,SEPA
2025-01-01T15:37:00,Societe,FR51043892,SG,4532758720,1770.39,EUR,1984.37,USD,CASH
2025-01-01T15:38:00,Societe,FR98640185,BMCE,6764059293,9955.27,MAD,8957.54,EUR,SWIFT
2025-01-01T15:39:00,Societe,FR24209624,BMCE,9125130761,6123.61,USD,5076.27,MAD,SEPA
2025-01-01T15:40:00,Societe,FR29730239,SG,2065421694,9438.77,USD,10383.1,USD,CASH
2025-01-01T15:41:00,Societe,FR10487397,CIH,2004456416,295.85,EUR,287.4,MAD,SEPA
2025-01-01T15:42:00,Societe,FR81131631,BP,5354934841,6453.71,EUR,6611.53,EUR,SWIFT
2025-01-01T15:43:00,Societe,FR40639343,CIH,6864398299,14637.34,EUR,16084.42,MAD,CASH
2025-01-01T15:44:00,Societe,FR23396313,CIH,5234078320,2218.54,EUR,2398.5,USD,SWIFT
2025-01-01T15:45:00,Societe,FR77009820,BP,6129505738,14911.34,EUR,15609.7,EUR,SEPA
2025-01-01T15:46:00,Societe,FR47872581,BNP,3637675490,4269.32,USD,3799.64,MAD,CASH
2025-01-01T15:47:00,Societe,FR67534808,BMCE,5543117279,8446.63,EUR,7932.29,EUR,CASH
2025-01-01T15:48:00,Societe,FR28476014,BP,4688272463,10327.91,EUR,10646.71,USD,CASH
2025-01-01T15:49:00,Societe,FR70057404,SG,7554671243,8633.28,USD,8308.16,MAD,SWIFT
2025-01-01T15:50:00,Societe,FR44973620,CIH,6316361908,13607.25,USD,12226.67,USD,CASH
2025-01-01T15:51:00,Societe,FR83071806,CIH,8753566053,9596.21,EUR,8690.34,EUR,CASH
2025-01-01T15:52:00,Societe,FR91694023,BP,3732892917,1684.89,MAD,1952.38,EUR,CASH
2025-01-01T15:53:00,Societe,FR71027062,CIH,1701119876,5818.57,EUR,4676.32,EUR,SWIFT
2025-01-01T15:54:00,Societe,FR29011067,BMCE,6878919849,394.15,USD,445.96,MAD,SEPA
2025-01-01T15:55:00,Societe,FR93057247,SG,9988475881,10629.31,MAD,9956.74,USD,SWIFT
2025-01-01T15:56:00,Societe,FR18003488,SG,2629767578,11186.47,EUR,13194.09,USD,SEPA
2025-01-01T15:57:00,Societe,FR38048857,BP,9521829086,9681.94,EUR,8217.15,USD,SWIFT
2025-01-01T15:58:00,Societe,FR89142244,CIH,2326061697,3623.73,MAD,3442.27,USD,SWIFT
2025-01-01T15:59:00,Societe,FR77960319,SG,1386860034,13939.38,USD,11956.9,EUR,SWIFT
2025-01-01T16:00:00,Societe,FR38116909,CIH,5242885295,1441.02,EUR,1653.98,MAD,SWIFT
2025-01-01T16:01:00,Societe,FR31569874,BP,8866441724,9386.05,EUR,9433.95,MAD,SWIFT
2025-01-01T16:02:00,Societe,FR51936689,BNP,6861487811,8391.57,USD,7053.78,USD,CASH
2025-01-01T16:03:00,Societe,FR16610867,BMCE,4413735612,3610.85,EUR,4074.01,MAD,SWIFT
2025-01-01T16:04:00,Societe,FR18487107,BP,2441617211,11308.2,EUR,11789.61,USD,SEPA
2025-01-01T16:05:00,Societe,FR86743303,BNP,5089369086,9147.51,EUR,9671.97,MAD,CASH
2025-01-01T16:06:00,Societe,FR83095212,BP,7955024487,1835.42,USD,1887.16,MAD,SEPA
2025-01-01T16:07:00,Societe,FR37030127,SG,2562597339,11096.03,MAD,12199.88,EUR,CASH
2025-01-01T16:08:00,Societe,FR70473784,BMCE,2951075588,2740.39,USD,2277.32,MAD,SEPA
2025-01-01T16:09:00,Societe,FR63812492,CIH,6366756131,10072.64,USD,9760.74,MAD,SWIFT
2025-01-01T16:10:00,Societe,FR17967382,BNP,9481098716,9875.09,EUR,9325.25,EUR,SWIFT
2025-01-01T16:11:00,Societe,FR32379806,BNP,5049269355,6280.18,EUR,7458.46,MAD,SEPA
2025-01-01T16:12:00,Societe,FR51868973,CIH,4471254091,14226.31,MAD,14110.34,EUR,SEPA
2025-01-01T16:13:00,Societe,FR40518738,BP,2290239519,11978.89,USD,10139.48,MAD,SWIFT
2025-01-01T16:14:00,Societe,FR74629169,CIH,8067413525,2758.52,USD,2766.2,EUR,CASH
2025-01-01T16:15:00,Societe,FR57196927,BMCE,8573851405,13643.63,MAD,15754.55,EUR,SEPA
2025-01-01T16:16:00,Societe,FR95442825,BMCE,2527154891,6060.35,EUR,5546.08,EUR,SWIFT
2025-01-01T16:17:00,Societe,FR28081573,CIH,1041831298,2446.57,MAD,2823.37,USD,CASH
2025-01-01T16:18:00,Societe,FR12879422,CIH,2256984715,5777.23,USD,4805.79,USD,SEPA
2025-01-01T16:19:00,Societe,FR20269929,CIH,7084225668,9200.69,EUR,10379.05,EUR,SEPA
2025-01-01T16:20:00,Societe,FR67427747,CIH,2793190851,5456.91,USD,5470.66,EUR,SWIFT
2025-01-01T16:21:00,Societe,FR56613550,SG,6999278696,11427.52,USD,10445.05,MAD,SWIFT
2025-01-01T16:22:00,Societe,FR74247909,CIH,8485696082,1730.48,USD,1833.44,USD,SWIFT
2025-01-01T16:23:00,Societe,FR47674546,SG,2171969019,9097.92,USD,8261.6,EUR,CASH
2025-01-01T16:24:00,Societe,FR63818670,SG,5891473469,12640.34,MAD,11551.34,EUR,SWIFT
2025-01-01T16:25:00,Societe,FR57441172,CIH,7788634840,14980.4,USD,14659.52,USD,SEPA
2025-01-01T16:26:00,Societe,FR90446476,BNP,5676926711,10796.96,MAD,9520.11,MAD,CASH
2025-01-01T16:27:00,Societe,FR25901328,CIH,7386865780,8097.94,USD,7685.94,USD,CASH
2025-01-01T16:28:00,Societe,FR23329193,BP,8143578727,14975.15,MAD,15549.24,EUR,SWIFT
2025-01-01T16:29:00,Societe,FR63531559,BP,3367371934,14242.6,EUR,11635.69,USD,CASH
2025-01-01T16:30:00,Societe,FR46976162,SG,7868149381,6454.15,EUR,7697.61,EUR,SWIFT
2025-01-01T16:31:00,Societe,FR74828371,BNP,8879155458,1659.41,USD,1474.93,MAD,CASH
2025-01-01T16:32:00,Societe,FR99455431,CIH,2924675186,2528.33,EUR,2991.25,USD,SEPA
2025-01-01T16:33:00,Societe,FR53109771,CIH,5118706319,8026.17,MAD,8075.48,USD,SWIFT
2025-01-01T16:34:00,Societe,FR85356192,BNP,4528451348,5697.12,USD,6227.82,MAD,SEPA
2025-01-01T16:35:00,Societe,FR29756561,SG,7658907884,5382.42,EUR,4991.38,USD,CASH
2025-01-01T16:36:00,Societe,FR11086462,BP,1975537098,1786.24,USD,1857.15,EUR,CASH
2025-01-01T16:37:00,Societe,FR62174473,BNP,4910646858,12669.29,EUR,14999.46,USD,CASH
2025-01-01T16:38:00,Societe,FR39759876,BMCE,3345128028,7579.59,MAD,6151.15,USD,SWIFT
2025-01-01T16:39:00,Societe,FR82586303,BMCE,3065536311,12635.5,EUR,12023.54,USD,SEPA
